page_url,days_since_update,avg_position,yoy_traffic_decay,impressions,has_schema,word_count,archetype,recommended_action,reason_code,priority_score
https://flyrank.ai/blog/page-0216,276,21.519755719711583,0.5988432579750648,42451,0,3190,Decaying Core,Priority Content Refresh,RC01_DECAY_HIGH_AUTHORITY,97.97
https://flyrank.ai/blog/page-0791,403,27.41890255708747,0.5984745989773848,34816,1,533,Decaying Core,Priority Content Refresh,RC01_DECAY_HIGH_AUTHORITY,97.95
https://flyrank.ai/blog/page-0505,447,42.394378177727496,0.5968062613339169,29367,1,641,Decaying Core,Priority Content Refresh,RC01_DECAY_HIGH_AUTHORITY,97.9
https://flyrank.ai/blog/page-0722,706,20.299355877053767,0.5956938722297888,19078,1,3418,Decaying Core,Priority Content Refresh,RC01_DECAY_HIGH_AUTHORITY,97.87
https://flyrank.ai/blog/page-0576,687,23.163595941396707,0.5949717872993492,28427,1,1872,Decaying Core,Priority Content Refresh,RC01_DECAY_HIGH_AUTHORITY,97.85
https://flyrank.ai/blog/page-0151,711,12.91543735897325,0.5942669659445544,40795,1,1168,Decaying Core,Priority Content Refresh,RC01_DECAY_HIGH_AUTHORITY,97.83
https://flyrank.ai/blog/page-0998,325,23.039447792244804,0.5939295310949544,22967,0,441,Decaying Core,Priority Content Refresh,RC01_DECAY_HIGH_AUTHORITY,97.82
https://flyrank.ai/blog/page-0670,697,29.682363855440855,0.5916251763089143,35942,1,2618,Decaying Core,Priority Content Refresh,RC01_DECAY_HIGH_AUTHORITY,97.75
https://flyrank.ai/blog/page-0386,694,33.10685705131206,0.5888772233255485,28062,1,3447,Decaying Core,Priority Content Refresh,RC01_DECAY_HIGH_AUTHORITY,97.67
https://flyrank.ai/blog/page-0694,39,24.953482432589087,0.588809214247325,11807,1,1254,Decaying Core,Priority Content Refresh,RC01_DECAY_HIGH_AUTHORITY,97.66
https://flyrank.ai/blog/page-0371,437,8.540899410652898,0.5884650309006554,6133,1,2005,Decaying Core,Priority Content Refresh,RC01_DECAY_HIGH_AUTHORITY,97.65
https://flyrank.ai/blog/page-0289,710,42.38292052821845,0.5869079633480726,7314,1,1187,Decaying Core,Priority Content Refresh,RC01_DECAY_HIGH_AUTHORITY,97.61
https://flyrank.ai/blog/page-0760,335,19.609503228782263,0.5865175405084005,23601,0,2891,Decaying Core,Priority Content Refresh,RC01_DECAY_HIGH_AUTHORITY,97.6
https://flyrank.ai/blog/page-0747,83,18.956615208698494,0.5866911647138796,21029,1,3475,Decaying Core,Priority Content Refresh,RC01_DECAY_HIGH_AUTHORITY,97.6
https://flyrank.ai/blog/page-0092,94,12.005636324059116,0.5859792305511954,30973,1,3047,Decaying Core,Priority Content Refresh,RC01_DECAY_HIGH_AUTHORITY,97.58
https://flyrank.ai/blog/page-0838,668,2.1582907162704834,0.5852867806223662,26063,1,2958,Decaying Core,Priority Content Refresh,RC01_DECAY_HIGH_AUTHORITY,97.56
https://flyrank.ai/blog/page-0427,87,41.08038418183405,0.5853734566106081,7391,0,2580,Decaying Core,Priority Content Refresh,RC01_DECAY_HIGH_AUTHORITY,97.56
https://flyrank.ai/blog/page-0462,283,38.15489660052211,0.5837602299574616,22842,1,1297,Decaying Core,Priority Content Refresh,RC01_DECAY_HIGH_AUTHORITY,97.51
https://flyrank.ai/blog/page-0963,348,22.19239603817647,0.5832096762954495,49622,1,2855,Decaying Core,Priority Content Refresh,RC01_DECAY_HIGH_AUTHORITY,97.5
https://flyrank.ai/blog/page-0016,693,7.824331560505976,0.5831116284370377,41520,1,1701,Decaying Core,Priority Content Refresh,RC01_DECAY_HIGH_AUTHORITY,97.49
https://flyrank.ai/blog/page-0979,542,35.05672621406911,0.58193611067145,31809,0,372,Decaying Core,Priority Content Refresh,RC01_DECAY_HIGH_AUTHORITY,97.46
https://flyrank.ai/blog/page-0295,421,6.907777403086662,0.580403730742076,28984,0,3065,Decaying Core,Priority Content Refresh,RC01_DECAY_HIGH_AUTHORITY,97.41
https://flyrank.ai/blog/page-0089,70,18.000706892915158,0.5779421443160686,40054,0,1248,Decaying Core,Priority Content Refresh,RC01_DECAY_HIGH_AUTHORITY,97.34
https://flyrank.ai/blog/page-0077,299,26.423064799177535,0.5775020243915213,47475,1,2288,Decaying Core,Priority Content Refresh,RC01_DECAY_HIGH_AUTHORITY,97.33
https://flyrank.ai/blog/page-0384,383,43.244253246007084,0.5769886306814193,14311,1,2431,Decaying Core,Priority Content Refresh,RC01_DECAY_HIGH_AUTHORITY,97.31
https://flyrank.ai/blog/page-0713,540,31.27451476985948,0.5764921701064851,15821,1,378,Decaying Core,Priority Content Refresh,RC01_DECAY_HIGH_AUTHORITY,97.29
https://flyrank.ai/blog/page-0887,624,34.81023965021262,0.5748548915430757,22435,0,892,Decaying Core,Priority Content Refresh,RC01_DECAY_HIGH_AUTHORITY,97.25
https://flyrank.ai/blog/page-0353,599,32.83268580062605,0.5751336577305681,42391,1,2621,Decaying Core,Priority Content Refresh,RC01_DECAY_HIGH_AUTHORITY,97.25
https://flyrank.ai/blog/page-0733,478,37.184011253315,0.5748201930158596,7068,0,797,Decaying Core,Priority Content Refresh,RC01_DECAY_HIGH_AUTHORITY,97.24
https://flyrank.ai/blog/page-0677,677,46.89367892245311,0.5748121849823916,13752,0,741,Decaying Core,Priority Content Refresh,RC01_DECAY_HIGH_AUTHORITY,97.24
https://flyrank.ai/blog/page-0282,141,35.17359309509516,0.5743761039494852,23164,0,2544,Decaying Core,Priority Content Refresh,RC01_DECAY_HIGH_AUTHORITY,97.23
https://flyrank.ai/blog/page-0956,679,19.00918669228504,0.5744494686213119,43407,1,3088,Decaying Core,Priority Content Refresh,RC01_DECAY_HIGH_AUTHORITY,97.23
https://flyrank.ai/blog/page-0475,365,39.94566788874654,0.5739672499518181,40605,0,636,Decaying Core,Priority Content Refresh,RC01_DECAY_HIGH_AUTHORITY,97.22
https://flyrank.ai/blog/page-1000,645,19.02020819298719,0.5739378451772442,16644,0,627,Decaying Core,Priority Content Refresh,RC01_DECAY_HIGH_AUTHORITY,97.22
https://flyrank.ai/blog/page-0696,280,7.842911483059332,0.5727948397853151,27035,1,1479,Decaying Core,Priority Content Refresh,RC01_DECAY_HIGH_AUTHORITY,97.18
https://flyrank.ai/blog/page-0018,691,31.383565040497164,0.5717036510247233,7106,0,2563,Decaying Core,Priority Content Refresh,RC01_DECAY_HIGH_AUTHORITY,97.15
https://flyrank.ai/blog/page-0168,406,41.054734525183605,0.5706514360835662,19249,0,684,Decaying Core,Priority Content Refresh,RC01_DECAY_HIGH_AUTHORITY,97.12
https://flyrank.ai/blog/page-0995,71,21.878085810628203,0.5704528606917427,26039,1,3390,Decaying Core,Priority Content Refresh,RC01_DECAY_HIGH_AUTHORITY,97.11
https://flyrank.ai/blog/page-0789,212,16.057208281388043,0.5702136133266673,37965,0,823,Decaying Core,Priority Content Refresh,RC01_DECAY_HIGH_AUTHORITY,97.11
https://flyrank.ai/blog/page-0908,379,7.257960698126507,0.5697598708390003,44635,0,2739,Decaying Core,Priority Content Refresh,RC01_DECAY_HIGH_AUTHORITY,97.09
https://flyrank.ai/blog/page-0062,538,35.654693081356534,0.569550978809636,11791,0,2281,Decaying Core,Priority Content Refresh,RC01_DECAY_HIGH_AUTHORITY,97.09
https://flyrank.ai/blog/page-0258,283,45.9483651976499,0.5696302347584206,38313,0,1251,Decaying Core,Priority Content Refresh,RC01_DECAY_HIGH_AUTHORITY,97.09
https://flyrank.ai/blog/page-0765,337,17.72114355368166,0.5692330005283531,44039,1,2567,Decaying Core,Priority Content Refresh,RC01_DECAY_HIGH_AUTHORITY,97.08
https://flyrank.ai/blog/page-0689,282,47.63877748573871,0.5691431802687235,16054,1,2990,Decaying Core,Priority Content Refresh,RC01_DECAY_HIGH_AUTHORITY,97.07
https://flyrank.ai/blog/page-0587,199,17.507893796784234,0.5685423580394923,5139,0,478,Decaying Core,Priority Content Refresh,RC01_DECAY_HIGH_AUTHORITY,97.06
https://flyrank.ai/blog/page-0817,575,11.390197155503106,0.5685806451041909,25496,0,858,Decaying Core,Priority Content Refresh,RC01_DECAY_HIGH_AUTHORITY,97.06
https://flyrank.ai/blog/page-0035,711,20.467077237457996,0.5687342805527498,47564,1,2280,Decaying Core,Priority Content Refresh,RC01_DECAY_HIGH_AUTHORITY,97.06
https://flyrank.ai/blog/page-0900,691,49.63169160576039,0.5655408954119366,9377,0,1462,Decaying Core,Priority Content Refresh,RC01_DECAY_HIGH_AUTHORITY,96.97
https://flyrank.ai/blog/page-0536,625,24.54484041563362,0.5653717368103425,18945,1,1801,Decaying Core,Priority Content Refresh,RC01_DECAY_HIGH_AUTHORITY,96.96
https://flyrank.ai/blog/page-0815,375,44.326116704071985,0.5633816181751296,33684,0,615,Decaying Core,Priority Content Refresh,RC01_DECAY_HIGH_AUTHORITY,96.9
https://flyrank.ai/blog/page-0744,147,27.67996580008163,0.5608294656777785,44378,1,848,Decaying Core,Priority Content Refresh,RC01_DECAY_HIGH_AUTHORITY,96.82
https://flyrank.ai/blog/page-0996,118,7.404808460269774,0.5599070233658786,49245,0,2820,Decaying Core,Priority Content Refresh,RC01_DECAY_HIGH_AUTHORITY,96.8
https://flyrank.ai/blog/page-0106,408,8.284473659902535,0.5601530864212954,18893,0,688,Decaying Core,Priority Content Refresh,RC01_DECAY_HIGH_AUTHORITY,96.8
https://flyrank.ai/blog/page-0606,161,37.39261953879907,0.5592079981332475,47707,0,1569,Decaying Core,Priority Content Refresh,RC01_DECAY_HIGH_AUTHORITY,96.78
https://flyrank.ai/blog/page-0237,375,13.850938170691428,0.5584754715807383,47168,1,1772,Decaying Core,Priority Content Refresh,RC01_DECAY_HIGH_AUTHORITY,96.75
https://flyrank.ai/blog/page-0447,726,46.924195874586104,0.5568133729139378,49301,1,1833,Decaying Core,Priority Content Refresh,RC01_DECAY_HIGH_AUTHORITY,96.7
https://flyrank.ai/blog/page-0127,427,28.422376234102675,0.5561716465479832,15615,1,1616,Decaying Core,Priority Content Refresh,RC01_DECAY_HIGH_AUTHORITY,96.69
https://flyrank.ai/blog/page-0284,502,46.29541357344999,0.5557757234231643,30206,1,2376,Decaying Core,Priority Content Refresh,RC01_DECAY_HIGH_AUTHORITY,96.67
https://flyrank.ai/blog/page-0217,468,19.773787884225374,0.5531793319404904,27894,1,2641,Decaying Core,Priority Content Refresh,RC01_DECAY_HIGH_AUTHORITY,96.6
https://flyrank.ai/blog/page-0831,55,23.136616258124228,0.5504596375422978,39679,1,3115,Decaying Core,Priority Content Refresh,RC01_DECAY_HIGH_AUTHORITY,96.51
https://flyrank.ai/blog/page-0100,528,29.44882916362413,0.5496585482282348,14222,0,812,Decaying Core,Priority Content Refresh,RC01_DECAY_HIGH_AUTHORITY,96.49
https://flyrank.ai/blog/page-0116,436,11.051842383618352,0.5432485735476881,36535,1,3447,Decaying Core,Priority Content Refresh,RC01_DECAY_HIGH_AUTHORITY,96.3
https://flyrank.ai/blog/page-0467,209,38.74996347258187,0.5426535865394054,23680,1,1608,Decaying Core,Priority Content Refresh,RC01_DECAY_HIGH_AUTHORITY,96.28
https://flyrank.ai/blog/page-0644,109,48.50120379442909,0.5416446650888451,43527,1,2851,Decaying Core,Priority Content Refresh,RC01_DECAY_HIGH_AUTHORITY,96.25
https://flyrank.ai/blog/page-0362,415,3.834291151606422,0.5405630478849303,35098,1,3167,Decaying Core,Priority Content Refresh,RC01_DECAY_HIGH_AUTHORITY,96.22
https://flyrank.ai/blog/page-0613,120,29.355095020047276,0.5393008633033657,10203,0,3179,Decaying Core,Priority Content Refresh,RC01_DECAY_HIGH_AUTHORITY,96.18
https://flyrank.ai/blog/page-0471,637,49.859100507727845,0.5375391131507407,38656,0,2568,Decaying Core,Priority Content Refresh,RC01_DECAY_HIGH_AUTHORITY,96.13
https://flyrank.ai/blog/page-0885,652,47.92363894076363,0.5369602006980744,46873,1,426,Decaying Core,Priority Content Refresh,RC01_DECAY_HIGH_AUTHORITY,96.11
https://flyrank.ai/blog/page-0513,442,24.594595224114954,0.5367387736056146,34610,1,2894,Decaying Core,Priority Content Refresh,RC01_DECAY_HIGH_AUTHORITY,96.1
https://flyrank.ai/blog/page-0734,517,44.04726250376605,0.5366182276560694,27618,1,2918,Decaying Core,Priority Content Refresh,RC01_DECAY_HIGH_AUTHORITY,96.1
https://flyrank.ai/blog/page-0345,220,44.07679707054607,0.5364541441030921,19973,1,2100,Decaying Core,Priority Content Refresh,RC01_DECAY_HIGH_AUTHORITY,96.09
https://flyrank.ai/blog/page-0582,259,13.108058466497177,0.5353277017895884,37987,0,2310,Decaying Core,Priority Content Refresh,RC01_DECAY_HIGH_AUTHORITY,96.06
https://flyrank.ai/blog/page-0453,482,29.52635254863739,0.5350365214940809,7946,0,860,Decaying Core,Priority Content Refresh,RC01_DECAY_HIGH_AUTHORITY,96.05
https://flyrank.ai/blog/page-0274,657,47.25890764464405,0.5345062173410876,30306,0,2918,Decaying Core,Priority Content Refresh,RC01_DECAY_HIGH_AUTHORITY,96.04
https://flyrank.ai/blog/page-0264,262,43.77434595794401,0.5343782063647257,11680,1,1205,Decaying Core,Priority Content Refresh,RC01_DECAY_HIGH_AUTHORITY,96.03
https://flyrank.ai/blog/page-0833,37,9.232696179498308,0.5342777014927479,33372,0,1367,Decaying Core,Priority Content Refresh,RC01_DECAY_HIGH_AUTHORITY,96.03
https://flyrank.ai/blog/page-0369,711,38.153685309500474,0.5343002783360364,34019,1,481,Decaying Core,Priority Content Refresh,RC01_DECAY_HIGH_AUTHORITY,96.03
https://flyrank.ai/blog/page-0618,202,45.134391336551666,0.5317173151000892,25169,1,2119,Decaying Core,Priority Content Refresh,RC01_DECAY_HIGH_AUTHORITY,95.95
https://flyrank.ai/blog/page-0043,534,27.59349772403221,0.5312333944947965,19267,0,2955,Decaying Core,Priority Content Refresh,RC01_DECAY_HIGH_AUTHORITY,95.94
https://flyrank.ai/blog/page-0687,587,48.290816125366234,0.5300582281115365,35536,1,2468,Decaying Core,Priority Content Refresh,RC01_DECAY_HIGH_AUTHORITY,95.9
https://flyrank.ai/blog/page-0279,133,28.829316297078844,0.5298833419810907,28090,1,392,Decaying Core,Priority Content Refresh,RC01_DECAY_HIGH_AUTHORITY,95.9
https://flyrank.ai/blog/page-0982,601,7.970219065672612,0.5289924232723875,37119,1,3372,Decaying Core,Priority Content Refresh,RC01_DECAY_HIGH_AUTHORITY,95.87
https://flyrank.ai/blog/page-0047,50,45.514077505347785,0.5265824184945754,27176,1,2476,Decaying Core,Priority Content Refresh,RC01_DECAY_HIGH_AUTHORITY,95.8
https://flyrank.ai/blog/page-0375,714,27.311746721777265,0.5257927970055093,34775,0,2470,Decaying Core,Priority Content Refresh,RC01_DECAY_HIGH_AUTHORITY,95.77
https://flyrank.ai/blog/page-0498,331,43.353554242142216,0.5246117486977565,29440,1,2799,Decaying Core,Priority Content Refresh,RC01_DECAY_HIGH_AUTHORITY,95.74
https://flyrank.ai/blog/page-0524,125,16.207735987255113,0.5247663029683922,9380,1,2800,Decaying Core,Priority Content Refresh,RC01_DECAY_HIGH_AUTHORITY,95.74
https://flyrank.ai/blog/page-0034,540,7.246944454267139,0.5244592822581641,6039,1,383,Decaying Core,Priority Content Refresh,RC01_DECAY_HIGH_AUTHORITY,95.73
https://flyrank.ai/blog/page-0883,499,3.9469747874384753,0.5243105013675143,14262,0,2277,Decaying Core,Priority Content Refresh,RC01_DECAY_HIGH_AUTHORITY,95.73
https://flyrank.ai/blog/page-0656,334,17.51315564513303,0.5230679246286658,7452,1,1234,Decaying Core,Priority Content Refresh,RC01_DECAY_HIGH_AUTHORITY,95.69
https://flyrank.ai/blog/page-0936,355,39.71149137904601,0.5231505018453221,11238,1,1834,Decaying Core,Priority Content Refresh,RC01_DECAY_HIGH_AUTHORITY,95.69
https://flyrank.ai/blog/page-0691,623,43.527996431481085,0.5218825706160768,12456,1,2120,Decaying Core,Priority Content Refresh,RC01_DECAY_HIGH_AUTHORITY,95.66
https://flyrank.ai/blog/page-0110,57,25.607555506230888,0.5208474301464886,10311,0,1562,Decaying Core,Priority Content Refresh,RC01_DECAY_HIGH_AUTHORITY,95.63
https://flyrank.ai/blog/page-0178,706,15.428822217553966,0.5203370463255521,30199,0,494,Decaying Core,Priority Content Refresh,RC01_DECAY_HIGH_AUTHORITY,95.61
https://flyrank.ai/blog/page-0773,110,36.18803073509822,0.5184253340902425,31970,0,475,Decaying Core,Priority Content Refresh,RC01_DECAY_HIGH_AUTHORITY,95.55
https://flyrank.ai/blog/page-0390,154,19.261737333603385,0.5173494308132508,17476,1,2983,Decaying Core,Priority Content Refresh,RC01_DECAY_HIGH_AUTHORITY,95.52
https://flyrank.ai/blog/page-0923,675,26.26829195712839,0.5161097165450396,41103,1,3482,Decaying Core,Priority Content Refresh,RC01_DECAY_HIGH_AUTHORITY,95.48
https://flyrank.ai/blog/page-0516,306,34.592699074219595,0.5152852301975871,12460,0,2588,Decaying Core,Priority Content Refresh,RC01_DECAY_HIGH_AUTHORITY,95.46
https://flyrank.ai/blog/page-0335,66,1.8758228019372767,0.5144810547064286,7363,0,1855,Decaying Core,Priority Content Refresh,RC01_DECAY_HIGH_AUTHORITY,95.43
https://flyrank.ai/blog/page-0743,467,6.890243713159814,0.5139634067127322,5620,1,1097,Decaying Core,Priority Content Refresh,RC01_DECAY_HIGH_AUTHORITY,95.42
https://flyrank.ai/blog/page-0173,388,14.135118400320938,0.5136555332797403,17176,1,2637,Decaying Core,Priority Content Refresh,RC01_DECAY_HIGH_AUTHORITY,95.41
https://flyrank.ai/blog/page-0573,192,44.84601614696585,0.511955767279623,10509,0,2615,Decaying Core,Priority Content Refresh,RC01_DECAY_HIGH_AUTHORITY,95.36
https://flyrank.ai/blog/page-0615,68,36.537625360341686,0.5115890154264415,44881,1,2070,Decaying Core,Priority Content Refresh,RC01_DECAY_HIGH_AUTHORITY,95.35
https://flyrank.ai/blog/page-0143,570,33.922744436337695,0.5113260411025654,37312,0,334,Decaying Core,Priority Content Refresh,RC01_DECAY_HIGH_AUTHORITY,95.34
https://flyrank.ai/blog/page-0240,177,25.32194611286058,0.5109111753392213,12365,1,3363,Decaying Core,Priority Content Refresh,RC01_DECAY_HIGH_AUTHORITY,95.33
https://flyrank.ai/blog/page-0480,693,33.071049499775626,0.5109276876962896,44605,1,1233,Decaying Core,Priority Content Refresh,RC01_DECAY_HIGH_AUTHORITY,95.33
https://flyrank.ai/blog/page-0448,314,34.70640039273985,0.5098431375841364,16502,1,2521,Decaying Core,Priority Content Refresh,RC01_DECAY_HIGH_AUTHORITY,95.3
https://flyrank.ai/blog/page-0337,378,21.960883553057254,0.5094048975322049,23849,0,3420,Decaying Core,Priority Content Refresh,RC01_DECAY_HIGH_AUTHORITY,95.28
https://flyrank.ai/blog/page-0759,451,23.711208146228046,0.5059040019371865,41558,1,2584,Decaying Core,Priority Content Refresh,RC01_DECAY_HIGH_AUTHORITY,95.18
https://flyrank.ai/blog/page-0459,580,48.47501490899888,0.505194526665869,16050,1,3416,Decaying Core,Priority Content Refresh,RC01_DECAY_HIGH_AUTHORITY,95.16
https://flyrank.ai/blog/page-0749,418,35.07789312780324,0.5044832657601815,15055,0,2876,Decaying Core,Priority Content Refresh,RC01_DECAY_HIGH_AUTHORITY,95.13
https://flyrank.ai/blog/page-0114,77,11.285374061683703,0.5029589974544052,31412,1,941,Decaying Core,Priority Content Refresh,RC01_DECAY_HIGH_AUTHORITY,95.09
https://flyrank.ai/blog/page-0306,699,44.41290966357317,0.5020977853446045,30981,1,1347,Decaying Core,Priority Content Refresh,RC01_DECAY_HIGH_AUTHORITY,95.06
https://flyrank.ai/blog/page-0469,688,22.849232612460668,0.5008391737593846,29340,0,1855,Decaying Core,Priority Content Refresh,RC01_DECAY_HIGH_AUTHORITY,95.03
https://flyrank.ai/blog/page-0643,178,20.162995295936273,0.5002936363628986,49931,1,2722,Decaying Core,Priority Content Refresh,RC01_DECAY_HIGH_AUTHORITY,95.01
https://flyrank.ai/blog/page-0368,506,20.41585892623028,0.500025479899127,19655,1,1263,Decaying Core,Priority Content Refresh,RC01_DECAY_HIGH_AUTHORITY,95.0
https://flyrank.ai/blog/page-0435,517,13.73037547214383,0.4990160812340504,16623,1,1092,Decaying Core,Priority Content Refresh,RC01_DECAY_HIGH_AUTHORITY,94.97
https://flyrank.ai/blog/page-0506,144,38.29017555620695,0.4989872656862776,36422,1,2607,Decaying Core,Priority Content Refresh,RC01_DECAY_HIGH_AUTHORITY,94.97
https://flyrank.ai/blog/page-0768,510,29.428446092139282,0.4977733768687955,44671,1,2815,Decaying Core,Priority Content Refresh,RC01_DECAY_HIGH_AUTHORITY,94.93
https://flyrank.ai/blog/page-0746,297,16.904705665113244,0.22387292354577545,49848,1,1607,Striking Distance,On-Page CTR & Heading Optimization,RC02_STRIKING_DISTANCE,94.92
https://flyrank.ai/blog/page-0495,426,2.5255700613410568,0.49658471207382704,24829,1,1138,Decaying Core,Priority Content Refresh,RC01_DECAY_HIGH_AUTHORITY,94.9
https://flyrank.ai/blog/page-0876,96,17.3170937398517,0.12138910481051474,49783,1,1966,Striking Distance,On-Page CTR & Heading Optimization,RC02_STRIKING_DISTANCE,94.89
https://flyrank.ai/blog/page-0302,489,27.435073326391525,0.4954312404887965,10114,1,1437,Decaying Core,Priority Content Refresh,RC01_DECAY_HIGH_AUTHORITY,94.86
https://flyrank.ai/blog/page-0919,351,15.970691222243154,0.4952436007839267,11863,1,2963,Decaying Core,Priority Content Refresh,RC01_DECAY_HIGH_AUTHORITY,94.86
https://flyrank.ai/blog/page-0316,638,49.898771416133535,0.49498276003646335,28583,1,2105,Decaying Core,Priority Content Refresh,RC01_DECAY_HIGH_AUTHORITY,94.85
https://flyrank.ai/blog/page-0980,325,49.20026733790726,0.4929425788887296,47888,0,1519,Decaying Core,Priority Content Refresh,RC01_DECAY_HIGH_AUTHORITY,94.79
https://flyrank.ai/blog/page-0770,571,30.787349546878787,0.49287819794494236,35162,0,3331,Decaying Core,Priority Content Refresh,RC01_DECAY_HIGH_AUTHORITY,94.79
https://flyrank.ai/blog/page-0115,532,45.004660182594975,0.4925600370831946,45342,0,2550,Decaying Core,Priority Content Refresh,RC01_DECAY_HIGH_AUTHORITY,94.78
https://flyrank.ai/blog/page-0001,132,19.47027704182047,0.1898908267702489,49529,1,806,Striking Distance,On-Page CTR & Heading Optimization,RC02_STRIKING_DISTANCE,94.76
https://flyrank.ai/blog/page-0804,432,28.798298761816273,0.4921450077744125,29016,0,3012,Decaying Core,Priority Content Refresh,RC01_DECAY_HIGH_AUTHORITY,94.76
https://flyrank.ai/blog/page-0633,537,9.867870682764998,0.4919230540929348,21228,0,332,Decaying Core,Priority Content Refresh,RC01_DECAY_HIGH_AUTHORITY,94.76
https://flyrank.ai/blog/page-0685,230,8.268816847142354,0.22096610621732346,49493,0,835,Striking Distance,On-Page CTR & Heading Optimization,RC02_STRIKING_DISTANCE,94.75
https://flyrank.ai/blog/page-0023,415,16.274381321981863,0.4910499579177312,33083,0,3249,Decaying Core,Priority Content Refresh,RC01_DECAY_HIGH_AUTHORITY,94.73
https://flyrank.ai/blog/page-0880,140,28.33138745113122,0.4898983315123884,26445,0,3107,Decaying Core,Priority Content Refresh,RC01_DECAY_HIGH_AUTHORITY,94.7
https://flyrank.ai/blog/page-0241,518,30.24529959692757,0.489353496754266,19559,0,730,Decaying Core,Priority Content Refresh,RC01_DECAY_HIGH_AUTHORITY,94.68
https://flyrank.ai/blog/page-0120,576,28.677215529868207,0.4893989870230431,27791,0,1884,Decaying Core,Priority Content Refresh,RC01_DECAY_HIGH_AUTHORITY,94.68
https://flyrank.ai/blog/page-0425,422,37.43190455828878,0.4890132871593319,37427,1,865,Decaying Core,Priority Content Refresh,RC01_DECAY_HIGH_AUTHORITY,94.67
https://flyrank.ai/blog/page-0041,596,32.41623401137957,0.48861010559814577,44869,1,2119,Decaying Core,Priority Content Refresh,RC01_DECAY_HIGH_AUTHORITY,94.66
https://flyrank.ai/blog/page-0135,270,21.027974383806722,0.48849211960784,20122,1,934,Decaying Core,Priority Content Refresh,RC01_DECAY_HIGH_AUTHORITY,94.65
https://flyrank.ai/blog/page-0224,639,13.022106374384727,0.48786159994493206,31655,0,2726,Decaying Core,Priority Content Refresh,RC01_DECAY_HIGH_AUTHORITY,94.64
https://flyrank.ai/blog/page-0872,241,44.12387529051146,0.4875369446492016,48037,0,403,Decaying Core,Priority Content Refresh,RC01_DECAY_HIGH_AUTHORITY,94.63
https://flyrank.ai/blog/page-0437,301,27.45928360607692,0.485928787670058,19652,1,2158,Decaying Core,Priority Content Refresh,RC01_DECAY_HIGH_AUTHORITY,94.58
https://flyrank.ai/blog/page-0943,588,48.80489984213583,0.48483615801953606,19375,1,3191,Decaying Core,Priority Content Refresh,RC01_DECAY_HIGH_AUTHORITY,94.55
https://flyrank.ai/blog/page-0797,224,6.9724185735104305,0.483901217900473,44037,1,888,Decaying Core,Priority Content Refresh,RC01_DECAY_HIGH_AUTHORITY,94.52
https://flyrank.ai/blog/page-0705,311,22.743760745923986,0.4835549733563099,46490,0,374,Decaying Core,Priority Content Refresh,RC01_DECAY_HIGH_AUTHORITY,94.51
https://flyrank.ai/blog/page-0233,493,46.904657226913145,0.48218793057304143,45195,1,2192,Decaying Core,Priority Content Refresh,RC01_DECAY_HIGH_AUTHORITY,94.47
https://flyrank.ai/blog/page-0509,530,2.593782795071344,0.48196146006999685,30209,1,1223,Decaying Core,Priority Content Refresh,RC01_DECAY_HIGH_AUTHORITY,94.46
https://flyrank.ai/blog/page-0793,389,30.906355382235,0.47992850961438194,30149,1,2484,Decaying Core,Priority Content Refresh,RC01_DECAY_HIGH_AUTHORITY,94.4
https://flyrank.ai/blog/page-0411,298,43.49741584703032,0.4797744767060529,26213,0,3433,Decaying Core,Priority Content Refresh,RC01_DECAY_HIGH_AUTHORITY,94.39
https://flyrank.ai/blog/page-0762,364,26.435007471674684,0.4792632454744121,34541,0,2176,Decaying Core,Priority Content Refresh,RC01_DECAY_HIGH_AUTHORITY,94.38
https://flyrank.ai/blog/page-0002,465,23.671309497810714,0.479276526896812,16716,0,1409,Decaying Core,Priority Content Refresh,RC01_DECAY_HIGH_AUTHORITY,94.38
https://flyrank.ai/blog/page-0415,699,34.32689781625472,0.4781847488956572,20552,1,1894,Decaying Core,Priority Content Refresh,RC01_DECAY_HIGH_AUTHORITY,94.35
https://flyrank.ai/blog/page-0586,197,48.81739753513743,0.47665326895490623,37032,0,2410,Decaying Core,Priority Content Refresh,RC01_DECAY_HIGH_AUTHORITY,94.3
https://flyrank.ai/blog/page-0642,202,9.012669756666115,0.47569566156779486,18525,1,1772,Decaying Core,Priority Content Refresh,RC01_DECAY_HIGH_AUTHORITY,94.27
https://flyrank.ai/blog/page-0852,32,34.92937141489411,0.4757743560689377,44049,0,3335,Decaying Core,Priority Content Refresh,RC01_DECAY_HIGH_AUTHORITY,94.27
https://flyrank.ai/blog/page-0918,35,28.13630979490644,0.47552592077149625,11677,1,3108,Decaying Core,Priority Content Refresh,RC01_DECAY_HIGH_AUTHORITY,94.27
https://flyrank.ai/blog/page-0350,157,49.56726268071185,0.4754722124201578,21744,0,393,Decaying Core,Priority Content Refresh,RC01_DECAY_HIGH_AUTHORITY,94.26
https://flyrank.ai/blog/page-0588,422,9.923777868746265,0.4748387977851586,21381,1,420,Decaying Core,Priority Content Refresh,RC01_DECAY_HIGH_AUTHORITY,94.25
https://flyrank.ai/blog/page-0402,82,41.40936733033231,0.4733444597031593,40993,0,937,Decaying Core,Priority Content Refresh,RC01_DECAY_HIGH_AUTHORITY,94.2
https://flyrank.ai/blog/page-0132,490,19.292156497707893,0.47244973089986153,18701,1,2837,Decaying Core,Priority Content Refresh,RC01_DECAY_HIGH_AUTHORITY,94.17
https://flyrank.ai/blog/page-0113,62,37.74806304955971,0.4711628572780321,21642,1,3188,Decaying Core,Priority Content Refresh,RC01_DECAY_HIGH_AUTHORITY,94.13
https://flyrank.ai/blog/page-0814,553,41.14025411191272,0.4657646470064555,30109,1,593,Decaying Core,Priority Content Refresh,RC01_DECAY_HIGH_AUTHORITY,93.97
https://flyrank.ai/blog/page-0967,448,6.177569528825452,0.46500887615541775,7585,1,327,Decaying Core,Priority Content Refresh,RC01_DECAY_HIGH_AUTHORITY,93.95
https://flyrank.ai/blog/page-0473,545,23.117964192154098,0.46343474378900706,10661,1,3101,Decaying Core,Priority Content Refresh,RC01_DECAY_HIGH_AUTHORITY,93.9
https://flyrank.ai/blog/page-0197,142,14.34305899944908,0.46349229977653883,10621,1,2431,Decaying Core,Priority Content Refresh,RC01_DECAY_HIGH_AUTHORITY,93.9
https://flyrank.ai/blog/page-0786,72,24.807716200129956,0.4631060453756535,49270,0,969,Decaying Core,Priority Content Refresh,RC01_DECAY_HIGH_AUTHORITY,93.89
https://flyrank.ai/blog/page-0853,652,49.57154369140723,0.46277095528676415,37505,1,406,Decaying Core,Priority Content Refresh,RC01_DECAY_HIGH_AUTHORITY,93.88
https://flyrank.ai/blog/page-0382,172,44.548655913579886,0.4625224748090746,37664,1,1163,Decaying Core,Priority Content Refresh,RC01_DECAY_HIGH_AUTHORITY,93.88
https://flyrank.ai/blog/page-0830,366,31.569106909152076,0.4624379203078193,36761,0,366,Decaying Core,Priority Content Refresh,RC01_DECAY_HIGH_AUTHORITY,93.87
https://flyrank.ai/blog/page-0243,580,38.77469798354527,0.4618503168569973,27156,1,2121,Decaying Core,Priority Content Refresh,RC01_DECAY_HIGH_AUTHORITY,93.86
https://flyrank.ai/blog/page-0562,173,2.54772109645646,0.461809975705869,29415,0,3453,Decaying Core,Priority Content Refresh,RC01_DECAY_HIGH_AUTHORITY,93.85
https://flyrank.ai/blog/page-0017,160,39.9072342742445,0.46107597831809266,13479,1,2298,Decaying Core,Priority Content Refresh,RC01_DECAY_HIGH_AUTHORITY,93.83
https://flyrank.ai/blog/page-0090,186,37.13756115737767,0.45909993415820216,38970,0,1582,Decaying Core,Priority Content Refresh,RC01_DECAY_HIGH_AUTHORITY,93.77
https://flyrank.ai/blog/page-0641,701,30.054591720311443,0.4588662383628467,41801,0,2423,Decaying Core,Priority Content Refresh,RC01_DECAY_HIGH_AUTHORITY,93.77
https://flyrank.ai/blog/page-0502,119,43.56253522982493,0.4562047950901331,16446,1,1170,Decaying Core,Priority Content Refresh,RC01_DECAY_HIGH_AUTHORITY,93.69
https://flyrank.ai/blog/page-0741,279,22.343582425833716,0.45594746378458373,44689,1,1840,Decaying Core,Priority Content Refresh,RC01_DECAY_HIGH_AUTHORITY,93.68
https://flyrank.ai/blog/page-0822,150,18.317647585833186,0.45616088114352404,32230,0,3451,Decaying Core,Priority Content Refresh,RC01_DECAY_HIGH_AUTHORITY,93.68
https://flyrank.ai/blog/page-0186,501,21.835461718992438,0.45593813189395893,25892,1,2640,Decaying Core,Priority Content Refresh,RC01_DECAY_HIGH_AUTHORITY,93.68
https://flyrank.ai/blog/page-0366,205,49.75048330967533,0.45528294530677804,9789,1,1417,Decaying Core,Priority Content Refresh,RC01_DECAY_HIGH_AUTHORITY,93.66
https://flyrank.ai/blog/page-0357,317,9.649873568269905,0.45499809332368757,41620,1,3248,Decaying Core,Priority Content Refresh,RC01_DECAY_HIGH_AUTHORITY,93.65
https://flyrank.ai/blog/page-0739,580,38.35197160405417,0.4533568559924195,35568,1,3390,Decaying Core,Priority Content Refresh,RC01_DECAY_HIGH_AUTHORITY,93.6
https://flyrank.ai/blog/page-0882,140,23.79507500190219,0.452252730243205,27046,1,522,Decaying Core,Priority Content Refresh,RC01_DECAY_HIGH_AUTHORITY,93.57
https://flyrank.ai/blog/page-0206,595,11.114642316269558,0.4520304752706845,7912,1,1441,Decaying Core,Priority Content Refresh,RC01_DECAY_HIGH_AUTHORITY,93.56
https://flyrank.ai/blog/page-0450,98,15.747214780393996,0.4519131402773091,26149,0,621,Decaying Core,Priority Content Refresh,RC01_DECAY_HIGH_AUTHORITY,93.56
https://flyrank.ai/blog/page-0036,505,40.067472923198125,0.4508323703787066,47662,0,3262,Decaying Core,Priority Content Refresh,RC01_DECAY_HIGH_AUTHORITY,93.52
https://flyrank.ai/blog/page-0221,430,37.16364720489215,0.4499561326561624,44625,1,2298,Decaying Core,Priority Content Refresh,RC01_DECAY_HIGH_AUTHORITY,93.5
https://flyrank.ai/blog/page-0033,88,42.47616229499139,0.44951158068593977,16341,0,2468,Decaying Core,Priority Content Refresh,RC01_DECAY_HIGH_AUTHORITY,93.49
https://flyrank.ai/blog/page-0997,431,44.44360654678287,0.4496326802038858,20424,1,392,Decaying Core,Priority Content Refresh,RC01_DECAY_HIGH_AUTHORITY,93.49
https://flyrank.ai/blog/page-0204,671,32.91959902924135,0.44942788397802724,39165,1,1927,Decaying Core,Priority Content Refresh,RC01_DECAY_HIGH_AUTHORITY,93.48
https://flyrank.ai/blog/page-0161,535,5.189918011868936,0.448654249139778,35319,1,2132,Decaying Core,Priority Content Refresh,RC01_DECAY_HIGH_AUTHORITY,93.46
https://flyrank.ai/blog/page-0983,378,6.947862031699016,0.4482388893090381,45048,1,1344,Decaying Core,Priority Content Refresh,RC01_DECAY_HIGH_AUTHORITY,93.45
https://flyrank.ai/blog/page-0904,653,26.526940886330067,0.44727670434145494,14783,1,2858,Decaying Core,Priority Content Refresh,RC01_DECAY_HIGH_AUTHORITY,93.42
https://flyrank.ai/blog/page-0262,189,10.071513513092363,0.08319397861513417,46794,1,3053,Striking Distance,On-Page CTR & Heading Optimization,RC02_STRIKING_DISTANCE,93.4
https://flyrank.ai/blog/page-0984,258,15.860482230812181,0.4462632864996863,49008,0,729,Decaying Core,Priority Content Refresh,RC01_DECAY_HIGH_AUTHORITY,93.39
https://flyrank.ai/blog/page-0269,433,42.61058692670065,0.44369738986862683,10279,1,728,Decaying Core,Priority Content Refresh,RC01_DECAY_HIGH_AUTHORITY,93.31
https://flyrank.ai/blog/page-0122,491,39.00085321805552,0.44351321254980725,18952,1,376,Decaying Core,Priority Content Refresh,RC01_DECAY_HIGH_AUTHORITY,93.31
https://flyrank.ai/blog/page-0857,535,29.340958933314045,0.44274230528219494,43542,1,1677,Decaying Core,Priority Content Refresh,RC01_DECAY_HIGH_AUTHORITY,93.28
https://flyrank.ai/blog/page-0969,124,11.58587094297038,0.08590798307102424,46548,1,2971,Striking Distance,On-Page CTR & Heading Optimization,RC02_STRIKING_DISTANCE,93.27
https://flyrank.ai/blog/page-0085,246,20.510265985956224,0.44224364644645153,23644,1,3432,Decaying Core,Priority Content Refresh,RC01_DECAY_HIGH_AUTHORITY,93.27
https://flyrank.ai/blog/page-0067,417,37.08576754561142,0.4422574718268273,24372,1,2249,Decaying Core,Priority Content Refresh,RC01_DECAY_HIGH_AUTHORITY,93.27
https://flyrank.ai/blog/page-0960,671,48.192640467869516,0.4417939647069338,27316,1,2893,Decaying Core,Priority Content Refresh,RC01_DECAY_HIGH_AUTHORITY,93.25
https://flyrank.ai/blog/page-0522,128,14.180676817319785,0.4417157590111095,29184,1,1097,Decaying Core,Priority Content Refresh,RC01_DECAY_HIGH_AUTHORITY,93.25
https://flyrank.ai/blog/page-0972,265,8.449217803303757,0.44119931174307003,28553,1,1407,Decaying Core,Priority Content Refresh,RC01_DECAY_HIGH_AUTHORITY,93.24
https://flyrank.ai/blog/page-0961,625,27.926947258855833,0.4410450373132806,19045,0,1549,Decaying Core,Priority Content Refresh,RC01_DECAY_HIGH_AUTHORITY,93.23
https://flyrank.ai/blog/page-0341,636,47.54809801356104,0.44040873341699327,13789,1,1465,Decaying Core,Priority Content Refresh,RC01_DECAY_HIGH_AUTHORITY,93.21
https://flyrank.ai/blog/page-0424,156,17.420823858697954,0.14666246262675806,46389,0,2534,Striking Distance,On-Page CTR & Heading Optimization,RC02_STRIKING_DISTANCE,93.19
https://flyrank.ai/blog/page-0966,579,22.536072743012596,0.4391107482299672,45813,1,1785,Decaying Core,Priority Content Refresh,RC01_DECAY_HIGH_AUTHORITY,93.17
https://flyrank.ai/blog/page-0004,136,37.632859628636304,0.4385134255489378,38558,0,1606,Decaying Core,Priority Content Refresh,RC01_DECAY_HIGH_AUTHORITY,93.16
https://flyrank.ai/blog/page-0079,485,20.551132489636384,0.43845620348669356,25951,1,424,Decaying Core,Priority Content Refresh,RC01_DECAY_HIGH_AUTHORITY,93.15
https://flyrank.ai/blog/page-0801,90,26.733005799685948,0.4382459474753486,33072,1,2744,Decaying Core,Priority Content Refresh,RC01_DECAY_HIGH_AUTHORITY,93.15
https://flyrank.ai/blog/page-0816,75,12.175908825497691,-0.04937846731944298,46282,0,3441,Striking Distance,On-Page CTR & Heading Optimization,RC02_STRIKING_DISTANCE,93.14
https://flyrank.ai/blog/page-0916,577,5.294494591428089,0.4372973399625427,32272,0,3392,Decaying Core,Priority Content Refresh,RC01_DECAY_HIGH_AUTHORITY,93.12
https://flyrank.ai/blog/page-0449,249,4.324015896153423,0.4362453435747118,21305,0,2300,Decaying Core,Priority Content Refresh,RC01_DECAY_HIGH_AUTHORITY,93.09
https://flyrank.ai/blog/page-0803,80,6.236969231642448,0.4362811529569103,5652,0,1242,Decaying Core,Priority Content Refresh,RC01_DECAY_HIGH_AUTHORITY,93.09
https://flyrank.ai/blog/page-0252,173,40.171378069479985,0.43585902929377685,37144,1,2137,Decaying Core,Priority Content Refresh,RC01_DECAY_HIGH_AUTHORITY,93.08
https://flyrank.ai/blog/page-0763,464,24.479912003856818,0.4351694562583024,47186,1,866,Decaying Core,Priority Content Refresh,RC01_DECAY_HIGH_AUTHORITY,93.06
https://flyrank.ai/blog/page-0073,431,42.10600623585077,0.4350608635552151,14079,0,1099,Decaying Core,Priority Content Refresh,RC01_DECAY_HIGH_AUTHORITY,93.05
https://flyrank.ai/blog/page-0754,258,12.136211735894422,0.4332587339643881,41780,1,2466,Decaying Core,Priority Content Refresh,RC01_DECAY_HIGH_AUTHORITY,93.0
https://flyrank.ai/blog/page-0704,206,33.95750379303119,0.433331268823409,30544,0,2731,Decaying Core,Priority Content Refresh,RC01_DECAY_HIGH_AUTHORITY,93.0
https://flyrank.ai/blog/page-0899,466,8.468384653190455,0.43272645317554803,33765,0,657,Decaying Core,Priority Content Refresh,RC01_DECAY_HIGH_AUTHORITY,92.98
https://flyrank.ai/blog/page-0164,260,9.890336319400069,0.43269353201966565,40646,1,1739,Decaying Core,Priority Content Refresh,RC01_DECAY_HIGH_AUTHORITY,92.98
https://flyrank.ai/blog/page-0145,554,6.101320517244118,0.43278507593021054,20431,0,2362,Decaying Core,Priority Content Refresh,RC01_DECAY_HIGH_AUTHORITY,92.98
https://flyrank.ai/blog/page-0010,244,45.4171334372628,0.43220287618549447,48252,0,1088,Decaying Core,Priority Content Refresh,RC01_DECAY_HIGH_AUTHORITY,92.97
https://flyrank.ai/blog/page-0267,237,33.28038496882515,0.43157878369257463,25017,1,630,Decaying Core,Priority Content Refresh,RC01_DECAY_HIGH_AUTHORITY,92.95
https://flyrank.ai/blog/page-0169,312,17.749050233195923,0.1575585259114591,45840,1,931,Striking Distance,On-Page CTR & Heading Optimization,RC02_STRIKING_DISTANCE,92.92
https://flyrank.ai/blog/page-0332,402,15.519097902343514,0.42972605398204455,29883,1,3168,Decaying Core,Priority Content Refresh,RC01_DECAY_HIGH_AUTHORITY,92.89
https://flyrank.ai/blog/page-0684,174,3.0370700934692128,0.42934952976512375,18552,1,314,Decaying Core,Priority Content Refresh,RC01_DECAY_HIGH_AUTHORITY,92.88
https://flyrank.ai/blog/page-0118,128,2.7909337245566492,0.4285293501223948,22457,0,3358,Decaying Core,Priority Content Refresh,RC01_DECAY_HIGH_AUTHORITY,92.86
https://flyrank.ai/blog/page-0472,354,21.882883809562674,0.42777333251774874,33069,1,811,Decaying Core,Priority Content Refresh,RC01_DECAY_HIGH_AUTHORITY,92.83
https://flyrank.ai/blog/page-0256,31,18.687720950061312,0.42596256022033196,25375,1,2848,Decaying Core,Priority Content Refresh,RC01_DECAY_HIGH_AUTHORITY,92.78
https://flyrank.ai/blog/page-0602,540,13.62646153704947,0.4258246334658927,5383,0,2368,Decaying Core,Priority Content Refresh,RC01_DECAY_HIGH_AUTHORITY,92.77
https://flyrank.ai/blog/page-0421,375,2.433116868693398,0.4241784358743145,11354,1,3356,Decaying Core,Priority Content Refresh,RC01_DECAY_HIGH_AUTHORITY,92.73
https://flyrank.ai/blog/page-0864,302,12.106163709122413,0.42405166388834004,38859,1,1246,Decaying Core,Priority Content Refresh,RC01_DECAY_HIGH_AUTHORITY,92.72
https://flyrank.ai/blog/page-0095,158,9.642962338804942,0.4236512256006725,25472,1,2854,Decaying Core,Priority Content Refresh,RC01_DECAY_HIGH_AUTHORITY,92.71
https://flyrank.ai/blog/page-0992,603,16.00642741854397,0.42321108461768575,10106,0,1065,Decaying Core,Priority Content Refresh,RC01_DECAY_HIGH_AUTHORITY,92.7
https://flyrank.ai/blog/page-0166,254,21.6498029790324,0.42201364791186247,20158,0,1576,Decaying Core,Priority Content Refresh,RC01_DECAY_HIGH_AUTHORITY,92.66
https://flyrank.ai/blog/page-0538,426,12.860205777263847,0.4205157413235918,37264,1,1890,Decaying Core,Priority Content Refresh,RC01_DECAY_HIGH_AUTHORITY,92.62
https://flyrank.ai/blog/page-0492,72,44.81086098027759,0.42023523911212235,10925,0,328,Decaying Core,Priority Content Refresh,RC01_DECAY_HIGH_AUTHORITY,92.61
https://flyrank.ai/blog/page-0888,583,10.845750744293767,-0.037497332832098954,45195,1,2148,Striking Distance,On-Page CTR & Heading Optimization,RC02_STRIKING_DISTANCE,92.6
https://flyrank.ai/blog/page-0301,717,16.44922655369991,0.07567666293820857,45146,0,2782,Striking Distance,On-Page CTR & Heading Optimization,RC02_STRIKING_DISTANCE,92.57
https://flyrank.ai/blog/page-0466,129,24.943516329828622,0.4179328845368513,23031,1,967,Decaying Core,Priority Content Refresh,RC01_DECAY_HIGH_AUTHORITY,92.54
https://flyrank.ai/blog/page-0930,421,6.701953496388328,0.4170182206926315,35840,0,1709,Decaying Core,Priority Content Refresh,RC01_DECAY_HIGH_AUTHORITY,92.51
https://flyrank.ai/blog/page-0053,43,29.725261768823064,0.4162036381050399,43409,1,2529,Decaying Core,Priority Content Refresh,RC01_DECAY_HIGH_AUTHORITY,92.49
https://flyrank.ai/blog/page-0028,343,38.360475601293835,0.4161499541714597,24834,0,1767,Decaying Core,Priority Content Refresh,RC01_DECAY_HIGH_AUTHORITY,92.48
https://flyrank.ai/blog/page-0367,68,9.520867211754878,0.12173317394726865,44914,1,360,Striking Distance,On-Page CTR & Heading Optimization,RC02_STRIKING_DISTANCE,92.46
https://flyrank.ai/blog/page-0215,445,45.80618535032303,0.41496417996743284,39564,1,2157,Decaying Core,Priority Content Refresh,RC01_DECAY_HIGH_AUTHORITY,92.45
https://flyrank.ai/blog/page-0003,300,15.767515834042962,0.4135300663929814,42612,0,3337,Decaying Core,Priority Content Refresh,RC01_DECAY_HIGH_AUTHORITY,92.41
https://flyrank.ai/blog/page-0157,585,11.044230475375228,0.4131499072207724,27328,0,2190,Decaying Core,Priority Content Refresh,RC01_DECAY_HIGH_AUTHORITY,92.39
https://flyrank.ai/blog/page-0136,593,2.243931427356898,0.41296108133637544,43563,0,3137,Decaying Core,Priority Content Refresh,RC01_DECAY_HIGH_AUTHORITY,92.39
https://flyrank.ai/blog/page-0399,473,25.262179823684743,0.41204754323825366,45680,1,1462,Decaying Core,Priority Content Refresh,RC01_DECAY_HIGH_AUTHORITY,92.36
https://flyrank.ai/blog/page-0288,192,43.240089898476356,0.41157467548651083,36318,0,3069,Decaying Core,Priority Content Refresh,RC01_DECAY_HIGH_AUTHORITY,92.35
https://flyrank.ai/blog/page-0251,292,41.136013566035786,0.4106557600566777,37826,0,3391,Decaying Core,Priority Content Refresh,RC01_DECAY_HIGH_AUTHORITY,92.32
https://flyrank.ai/blog/page-0940,561,9.502701234338925,-0.02194145137510653,44616,1,2202,Striking Distance,On-Page CTR & Heading Optimization,RC02_STRIKING_DISTANCE,92.31
https://flyrank.ai/blog/page-0631,534,12.639622921270004,0.41042144128461355,26393,0,785,Decaying Core,Priority Content Refresh,RC01_DECAY_HIGH_AUTHORITY,92.31
https://flyrank.ai/blog/page-0121,642,4.219723331989266,0.40994347401312925,12524,1,1883,Decaying Core,Priority Content Refresh,RC01_DECAY_HIGH_AUTHORITY,92.3
https://flyrank.ai/blog/page-0248,444,34.731717424959065,0.4095575148816356,49530,1,294,Decaying Core,Priority Content Refresh,RC01_DECAY_HIGH_AUTHORITY,92.29
https://flyrank.ai/blog/page-0476,287,34.99042906329294,0.4086696944492263,30120,0,951,Decaying Core,Priority Content Refresh,RC01_DECAY_HIGH_AUTHORITY,92.26
https://flyrank.ai/blog/page-0150,607,5.872628245207913,0.4085232005791034,23916,0,3236,Decaying Core,Priority Content Refresh,RC01_DECAY_HIGH_AUTHORITY,92.26
https://flyrank.ai/blog/page-0131,583,47.359657644548,0.40818593698970684,24632,0,2825,Decaying Core,Priority Content Refresh,RC01_DECAY_HIGH_AUTHORITY,92.25
https://flyrank.ai/blog/page-0616,155,24.84677812981044,0.40678113882626565,30571,0,3214,Decaying Core,Priority Content Refresh,RC01_DECAY_HIGH_AUTHORITY,92.2
https://flyrank.ai/blog/page-0307,67,31.177296220932924,0.40597001224593865,31586,0,322,Decaying Core,Priority Content Refresh,RC01_DECAY_HIGH_AUTHORITY,92.18
https://flyrank.ai/blog/page-0781,575,46.424692695019026,0.40589487038875993,8428,0,1464,Decaying Core,Priority Content Refresh,RC01_DECAY_HIGH_AUTHORITY,92.18
https://flyrank.ai/blog/page-0735,63,20.802875760900616,0.40550026481913415,46464,0,816,Decaying Core,Priority Content Refresh,RC01_DECAY_HIGH_AUTHORITY,92.17
https://flyrank.ai/blog/page-0177,347,22.370199927630516,0.4054496567419159,47056,1,898,Decaying Core,Priority Content Refresh,RC01_DECAY_HIGH_AUTHORITY,92.16
https://flyrank.ai/blog/page-0396,721,34.4796794193202,0.40354753565841095,44467,1,1148,Decaying Core,Priority Content Refresh,RC01_DECAY_HIGH_AUTHORITY,92.11
https://flyrank.ai/blog/page-0058,121,46.67379584169701,0.4014263716438776,37953,1,3389,Decaying Core,Priority Content Refresh,RC01_DECAY_HIGH_AUTHORITY,92.04
https://flyrank.ai/blog/page-0583,548,8.81768932554623,0.3998228511267995,38562,1,1291,Decaying Core,Priority Content Refresh,RC01_DECAY_HIGH_AUTHORITY,91.99
https://flyrank.ai/blog/page-0934,329,43.534777815265066,0.3992448182978323,11066,1,647,Decaying Core,Priority Content Refresh,RC01_DECAY_HIGH_AUTHORITY,91.98
https://flyrank.ai/blog/page-0896,344,46.43171315449318,0.3991322354440231,43726,1,2599,Decaying Core,Priority Content Refresh,RC01_DECAY_HIGH_AUTHORITY,91.97
https://flyrank.ai/blog/page-0414,135,35.1761016217949,0.39840981423154653,20892,0,3202,Decaying Core,Priority Content Refresh,RC01_DECAY_HIGH_AUTHORITY,91.95
https://flyrank.ai/blog/page-0404,649,34.22279147539412,0.397169959036318,35631,1,815,Decaying Core,Priority Content Refresh,RC01_DECAY_HIGH_AUTHORITY,91.92
https://flyrank.ai/blog/page-0309,394,2.195638296270363,0.395484568060838,8812,0,448,Decaying Core,Priority Content Refresh,RC01_DECAY_HIGH_AUTHORITY,91.86
https://flyrank.ai/blog/page-0205,249,41.65734838165288,0.395376654318641,45707,0,3131,Decaying Core,Priority Content Refresh,RC01_DECAY_HIGH_AUTHORITY,91.86
https://flyrank.ai/blog/page-0870,174,12.451892013611218,0.39488354121900127,37648,0,978,Decaying Core,Priority Content Refresh,RC01_DECAY_HIGH_AUTHORITY,91.85
https://flyrank.ai/blog/page-0823,243,12.606657389749621,0.39496053408668863,40242,1,1625,Decaying Core,Priority Content Refresh,RC01_DECAY_HIGH_AUTHORITY,91.85
https://flyrank.ai/blog/page-0650,688,48.52123120884869,0.39391010385067715,7797,1,2699,Decaying Core,Priority Content Refresh,RC01_DECAY_HIGH_AUTHORITY,91.82
https://flyrank.ai/blog/page-0893,311,18.031004687710123,0.39269996414403174,22487,1,3165,Decaying Core,Priority Content Refresh,RC01_DECAY_HIGH_AUTHORITY,91.78
https://flyrank.ai/blog/page-0482,704,47.59231455027011,0.392580184222557,22292,0,601,Decaying Core,Priority Content Refresh,RC01_DECAY_HIGH_AUTHORITY,91.78
https://flyrank.ai/blog/page-0529,398,24.51700290113905,0.39184364115986137,48542,0,1755,Decaying Core,Priority Content Refresh,RC01_DECAY_HIGH_AUTHORITY,91.76
https://flyrank.ai/blog/page-0575,264,41.04759072816219,0.39158113622216495,10551,1,1051,Decaying Core,Priority Content Refresh,RC01_DECAY_HIGH_AUTHORITY,91.75
https://flyrank.ai/blog/page-0901,306,46.423047428290474,0.3917783510743649,42339,1,3119,Decaying Core,Priority Content Refresh,RC01_DECAY_HIGH_AUTHORITY,91.75
https://flyrank.ai/blog/page-0182,693,43.554930818997725,0.3869327025477648,9356,0,545,Decaying Core,Priority Content Refresh,RC01_DECAY_HIGH_AUTHORITY,91.61
https://flyrank.ai/blog/page-0365,275,46.459861876565434,0.38712938271816166,39974,0,2602,Decaying Core,Priority Content Refresh,RC01_DECAY_HIGH_AUTHORITY,91.61
https://flyrank.ai/blog/page-0440,610,38.29036722259937,0.3859054014568817,7089,0,1757,Decaying Core,Priority Content Refresh,RC01_DECAY_HIGH_AUTHORITY,91.58
https://flyrank.ai/blog/page-0782,82,3.9531021241884816,0.3847727020759756,15634,1,1955,Decaying Core,Priority Content Refresh,RC01_DECAY_HIGH_AUTHORITY,91.54
https://flyrank.ai/blog/page-0634,398,42.864869575109374,0.3847449786684577,18357,1,1231,Decaying Core,Priority Content Refresh,RC01_DECAY_HIGH_AUTHORITY,91.54
https://flyrank.ai/blog/page-0142,200,12.322665032815499,0.3822197114350634,43996,0,2017,Decaying Core,Priority Content Refresh,RC01_DECAY_HIGH_AUTHORITY,91.47
https://flyrank.ai/blog/page-0651,561,23.235687527798323,0.38188351294449574,24517,0,371,Decaying Core,Priority Content Refresh,RC01_DECAY_HIGH_AUTHORITY,91.46
https://flyrank.ai/blog/page-0672,37,11.086219291801644,0.38179196504616586,11273,1,1146,Decaying Core,Priority Content Refresh,RC01_DECAY_HIGH_AUTHORITY,91.45
https://flyrank.ai/blog/page-0038,219,12.233318366399432,0.38169429426057944,34564,0,3346,Decaying Core,Priority Content Refresh,RC01_DECAY_HIGH_AUTHORITY,91.45
https://flyrank.ai/blog/page-0780,98,12.930632532238665,0.38140542970139246,38496,1,2371,Decaying Core,Priority Content Refresh,RC01_DECAY_HIGH_AUTHORITY,91.44
https://flyrank.ai/blog/page-0889,454,27.255556539180983,0.38091348655226986,14494,1,3370,Decaying Core,Priority Content Refresh,RC01_DECAY_HIGH_AUTHORITY,91.43
https://flyrank.ai/blog/page-0432,147,31.22941900041137,0.38042903768026815,48792,0,421,Decaying Core,Priority Content Refresh,RC01_DECAY_HIGH_AUTHORITY,91.41
https://flyrank.ai/blog/page-0849,728,20.811619637110315,0.3778320548563816,5094,0,1355,Decaying Core,Priority Content Refresh,RC01_DECAY_HIGH_AUTHORITY,91.33
https://flyrank.ai/blog/page-0055,375,30.961257536297744,0.37615944544584723,44354,0,717,Decaying Core,Priority Content Refresh,RC01_DECAY_HIGH_AUTHORITY,91.28
https://flyrank.ai/blog/page-0608,281,17.950814634801183,0.3750689696707953,10726,0,719,Decaying Core,Priority Content Refresh,RC01_DECAY_HIGH_AUTHORITY,91.25
https://flyrank.ai/blog/page-0925,635,25.351210662385682,0.3744692402170309,35486,0,3442,Decaying Core,Priority Content Refresh,RC01_DECAY_HIGH_AUTHORITY,91.23
https://flyrank.ai/blog/page-0958,42,2.2647834405248624,0.3742795872212672,36146,0,1653,Decaying Core,Priority Content Refresh,RC01_DECAY_HIGH_AUTHORITY,91.23
https://flyrank.ai/blog/page-0666,41,33.52642185346845,0.37398444781450646,31807,0,1069,Decaying Core,Priority Content Refresh,RC01_DECAY_HIGH_AUTHORITY,91.22
https://flyrank.ai/blog/page-0196,416,9.412285006566872,0.37352755605845356,22726,0,546,Decaying Core,Priority Content Refresh,RC01_DECAY_HIGH_AUTHORITY,91.21
https://flyrank.ai/blog/page-0792,549,16.25407725864418,0.37377490920017686,25621,1,1994,Decaying Core,Priority Content Refresh,RC01_DECAY_HIGH_AUTHORITY,91.21
https://flyrank.ai/blog/page-0430,125,1.3129077141248455,0.3733242934528037,21615,1,713,Decaying Core,Priority Content Refresh,RC01_DECAY_HIGH_AUTHORITY,91.2
https://flyrank.ai/blog/page-0636,146,13.114322645755674,0.3710766356761026,19742,1,860,Decaying Core,Priority Content Refresh,RC01_DECAY_HIGH_AUTHORITY,91.13
https://flyrank.ai/blog/page-0454,233,17.94826979069488,0.3695126183340838,25127,1,365,Decaying Core,Priority Content Refresh,RC01_DECAY_HIGH_AUTHORITY,91.09
https://flyrank.ai/blog/page-0317,313,18.184878957133797,0.36831563613037577,22163,1,1760,Decaying Core,Priority Content Refresh,RC01_DECAY_HIGH_AUTHORITY,91.05
https://flyrank.ai/blog/page-0607,99,21.84917338795569,0.36800085270603977,44817,1,2879,Decaying Core,Priority Content Refresh,RC01_DECAY_HIGH_AUTHORITY,91.04
https://flyrank.ai/blog/page-0387,727,27.992011159847827,0.3675439991625389,19456,1,2194,Decaying Core,Priority Content Refresh,RC01_DECAY_HIGH_AUTHORITY,91.03
https://flyrank.ai/blog/page-0496,41,32.931674443418366,0.36746327825848457,32282,0,3419,Decaying Core,Priority Content Refresh,RC01_DECAY_HIGH_AUTHORITY,91.02
https://flyrank.ai/blog/page-0897,406,12.497462010917223,0.3664697895047445,8126,0,3165,Decaying Core,Priority Content Refresh,RC01_DECAY_HIGH_AUTHORITY,90.99
https://flyrank.ai/blog/page-0451,76,35.7004323436188,0.36548943243319665,12353,1,1960,Decaying Core,Priority Content Refresh,RC01_DECAY_HIGH_AUTHORITY,90.96
https://flyrank.ai/blog/page-0281,256,2.663352950704143,0.3646527803229124,13256,1,1342,Decaying Core,Priority Content Refresh,RC01_DECAY_HIGH_AUTHORITY,90.94
https://flyrank.ai/blog/page-0068,31,46.78398372368173,0.36295942774929,28499,1,2065,Decaying Core,Priority Content Refresh,RC01_DECAY_HIGH_AUTHORITY,90.89
https://flyrank.ai/blog/page-0072,506,49.2572187491544,0.3622119037909367,42606,1,1391,Decaying Core,Priority Content Refresh,RC01_DECAY_HIGH_AUTHORITY,90.87
https://flyrank.ai/blog/page-0046,676,9.898288123269857,0.3615477455440479,39288,1,3413,Decaying Core,Priority Content Refresh,RC01_DECAY_HIGH_AUTHORITY,90.85
https://flyrank.ai/blog/page-0955,290,8.172325615950207,0.22486661161745267,41709,0,1352,Striking Distance,On-Page CTR & Heading Optimization,RC02_STRIKING_DISTANCE,90.85
https://flyrank.ai/blog/page-0802,663,35.7432668243992,0.36097836096903835,10899,1,1235,Decaying Core,Priority Content Refresh,RC01_DECAY_HIGH_AUTHORITY,90.83
https://flyrank.ai/blog/page-0257,333,5.487521593005074,0.3598686093869976,15001,0,2584,Decaying Core,Priority Content Refresh,RC01_DECAY_HIGH_AUTHORITY,90.8
https://flyrank.ai/blog/page-0921,104,22.912924484736948,0.36014743751908995,44486,1,1607,Decaying Core,Priority Content Refresh,RC01_DECAY_HIGH_AUTHORITY,90.8
https://flyrank.ai/blog/page-0349,352,9.184663358511687,0.3597460733070058,18604,1,1640,Decaying Core,Priority Content Refresh,RC01_DECAY_HIGH_AUTHORITY,90.79
https://flyrank.ai/blog/page-0097,501,21.527347025722847,0.3595350251320518,28101,1,2001,Decaying Core,Priority Content Refresh,RC01_DECAY_HIGH_AUTHORITY,90.79
https://flyrank.ai/blog/page-0123,672,23.211152902653353,0.35931328637675,22701,0,1756,Decaying Core,Priority Content Refresh,RC01_DECAY_HIGH_AUTHORITY,90.78
https://flyrank.ai/blog/page-0291,609,41.61685823338319,0.3579222210318521,20295,0,866,Decaying Core,Priority Content Refresh,RC01_DECAY_HIGH_AUTHORITY,90.74
https://flyrank.ai/blog/page-0376,49,30.054056807243455,0.35800478662747326,36358,0,1222,Decaying Core,Priority Content Refresh,RC01_DECAY_HIGH_AUTHORITY,90.74
https://flyrank.ai/blog/page-0418,149,8.771650159360611,-0.0006196071673042758,41434,0,1473,Striking Distance,On-Page CTR & Heading Optimization,RC02_STRIKING_DISTANCE,90.72
https://flyrank.ai/blog/page-0446,115,6.022976671543283,0.3572139533718981,30113,1,1662,Decaying Core,Priority Content Refresh,RC01_DECAY_HIGH_AUTHORITY,90.72
https://flyrank.ai/blog/page-0088,522,17.9709537239321,-0.07063414359785462,41416,1,284,Striking Distance,On-Page CTR & Heading Optimization,RC02_STRIKING_DISTANCE,90.71
https://flyrank.ai/blog/page-0632,220,48.59835960804034,0.35660415401435774,27272,1,1657,Decaying Core,Priority Content Refresh,RC01_DECAY_HIGH_AUTHORITY,90.7
https://flyrank.ai/blog/page-0535,91,2.9413224420695,0.3565569816818307,27591,0,2745,Decaying Core,Priority Content Refresh,RC01_DECAY_HIGH_AUTHORITY,90.7
https://flyrank.ai/blog/page-0929,223,46.599165517551896,0.35614783233409353,34793,1,3260,Decaying Core,Priority Content Refresh,RC01_DECAY_HIGH_AUTHORITY,90.68
https://flyrank.ai/blog/page-0320,688,24.513905394891534,0.35568142700566785,33020,1,2494,Decaying Core,Priority Content Refresh,RC01_DECAY_HIGH_AUTHORITY,90.67
https://flyrank.ai/blog/page-0422,503,41.465020777673374,0.35580330941717186,21174,1,628,Decaying Core,Priority Content Refresh,RC01_DECAY_HIGH_AUTHORITY,90.67
https://flyrank.ai/blog/page-0858,44,14.433872661430488,0.08998656631270005,41253,1,808,Striking Distance,On-Page CTR & Heading Optimization,RC02_STRIKING_DISTANCE,90.63
https://flyrank.ai/blog/page-0841,503,27.788173222989432,0.3534722121933698,36684,1,401,Decaying Core,Priority Content Refresh,RC01_DECAY_HIGH_AUTHORITY,90.6
https://flyrank.ai/blog/page-0170,662,13.711748238133332,0.12885213143665536,41175,1,1408,Striking Distance,On-Page CTR & Heading Optimization,RC02_STRIKING_DISTANCE,90.59
https://flyrank.ai/blog/page-0674,377,14.21773096433249,0.23991278976157845,41180,1,3086,Striking Distance,On-Page CTR & Heading Optimization,RC02_STRIKING_DISTANCE,90.59
https://flyrank.ai/blog/page-0978,576,3.8312474888219654,0.35252111914655127,13540,1,429,Decaying Core,Priority Content Refresh,RC01_DECAY_HIGH_AUTHORITY,90.58
https://flyrank.ai/blog/page-0660,542,31.240104343597473,0.3520756704005389,29027,1,2160,Decaying Core,Priority Content Refresh,RC01_DECAY_HIGH_AUTHORITY,90.56
https://flyrank.ai/blog/page-0111,164,30.173865848682144,0.3520675688586442,45650,1,3212,Decaying Core,Priority Content Refresh,RC01_DECAY_HIGH_AUTHORITY,90.56
https://flyrank.ai/blog/page-0932,464,19.650541380352426,0.3513828228156196,43508,0,2756,Decaying Core,Priority Content Refresh,RC01_DECAY_HIGH_AUTHORITY,90.54
https://flyrank.ai/blog/page-0086,217,27.33238454395822,0.3507329774787914,5551,1,2034,Decaying Core,Priority Content Refresh,RC01_DECAY_HIGH_AUTHORITY,90.52
https://flyrank.ai/blog/page-0439,476,6.242051302520962,0.3500173370410953,38911,1,2872,Decaying Core,Priority Content Refresh,RC01_DECAY_HIGH_AUTHORITY,90.5
https://flyrank.ai/blog/page-0190,526,32.04043277148122,0.3496278681336591,26636,0,277,Decaying Core,Priority Content Refresh,RC01_DECAY_HIGH_AUTHORITY,90.49
https://flyrank.ai/blog/page-0218,232,26.42696755885904,0.349795639674634,28883,0,2022,Decaying Core,Priority Content Refresh,RC01_DECAY_HIGH_AUTHORITY,90.49
https://flyrank.ai/blog/page-0391,179,13.727935404255984,0.19924278154443056,40980,1,3473,Striking Distance,On-Page CTR & Heading Optimization,RC02_STRIKING_DISTANCE,90.49
https://flyrank.ai/blog/page-0837,332,5.690013220487924,0.34833322952309076,10838,1,1614,Decaying Core,Priority Content Refresh,RC01_DECAY_HIGH_AUTHORITY,90.45
https://flyrank.ai/blog/page-0045,514,17.939103681692053,0.3460410337657963,21725,1,1714,Decaying Core,Priority Content Refresh,RC01_DECAY_HIGH_AUTHORITY,90.38
https://flyrank.ai/blog/page-0048,196,29.586197943539904,0.34566877751704506,44705,1,1329,Decaying Core,Priority Content Refresh,RC01_DECAY_HIGH_AUTHORITY,90.37
https://flyrank.ai/blog/page-0661,402,35.63208362738685,0.3458316222183202,41194,0,2866,Decaying Core,Priority Content Refresh,RC01_DECAY_HIGH_AUTHORITY,90.37
https://flyrank.ai/blog/page-0220,152,9.147885069047891,0.3453241552957629,13969,0,2999,Decaying Core,Priority Content Refresh,RC01_DECAY_HIGH_AUTHORITY,90.36
https://flyrank.ai/blog/page-0144,65,1.9658163499638435,0.34540394778547356,40486,0,2194,Decaying Core,Priority Content Refresh,RC01_DECAY_HIGH_AUTHORITY,90.36
https://flyrank.ai/blog/page-0590,223,33.27668099954293,0.34548095912838483,10542,1,438,Decaying Core,Priority Content Refresh,RC01_DECAY_HIGH_AUTHORITY,90.36
https://flyrank.ai/blog/page-0388,604,5.2623512356590965,0.344269891277759,20406,0,1712,Decaying Core,Priority Content Refresh,RC01_DECAY_HIGH_AUTHORITY,90.33
https://flyrank.ai/blog/page-0359,668,10.13547484506847,0.34420769228521264,18387,1,2567,Decaying Core,Priority Content Refresh,RC01_DECAY_HIGH_AUTHORITY,90.33
https://flyrank.ai/blog/page-0540,48,7.982281602174148,0.34387282196343183,13418,1,1761,Decaying Core,Priority Content Refresh,RC01_DECAY_HIGH_AUTHORITY,90.32
https://flyrank.ai/blog/page-0428,663,41.774574719929355,0.3438994968070157,41028,0,2298,Decaying Core,Priority Content Refresh,RC01_DECAY_HIGH_AUTHORITY,90.32
https://flyrank.ai/blog/page-0892,721,38.05200311586706,0.3428983151240206,24223,0,1581,Decaying Core,Priority Content Refresh,RC01_DECAY_HIGH_AUTHORITY,90.29
https://flyrank.ai/blog/page-0527,219,4.549897501933385,0.341915287164392,14396,0,846,Decaying Core,Priority Content Refresh,RC01_DECAY_HIGH_AUTHORITY,90.26
https://flyrank.ai/blog/page-0776,213,10.59312129849376,0.3386147577652471,45042,1,1166,Decaying Core,Priority Content Refresh,RC01_DECAY_HIGH_AUTHORITY,90.16
https://flyrank.ai/blog/page-0847,695,7.685547875279923,0.33734870395258165,37925,1,2398,Decaying Core,Priority Content Refresh,RC01_DECAY_HIGH_AUTHORITY,90.12
https://flyrank.ai/blog/page-0080,491,3.6833203022795353,0.33726449819798465,31379,0,2104,Decaying Core,Priority Content Refresh,RC01_DECAY_HIGH_AUTHORITY,90.12
https://flyrank.ai/blog/page-0724,112,6.223058485091546,0.3363841707116081,35340,0,2832,Decaying Core,Priority Content Refresh,RC01_DECAY_HIGH_AUTHORITY,90.09
https://flyrank.ai/blog/page-0423,146,7.3146235061988145,0.33464999723490174,11542,1,636,Decaying Core,Priority Content Refresh,RC01_DECAY_HIGH_AUTHORITY,90.04
https://flyrank.ai/blog/page-0726,114,49.971272562762664,0.33446233587720886,26984,1,2758,Decaying Core,Priority Content Refresh,RC01_DECAY_HIGH_AUTHORITY,90.03
https://flyrank.ai/blog/page-0184,701,44.83305911781048,0.33371253622188846,47080,1,1862,Decaying Core,Priority Content Refresh,RC01_DECAY_HIGH_AUTHORITY,90.01
https://flyrank.ai/blog/page-0569,427,40.2846760704198,0.3319465612824609,44916,0,2581,Decaying Core,Priority Content Refresh,RC01_DECAY_HIGH_AUTHORITY,89.96
https://flyrank.ai/blog/page-0158,369,15.36423878278965,0.3311898151821253,20308,1,562,Decaying Core,Priority Content Refresh,RC01_DECAY_HIGH_AUTHORITY,89.94
https://flyrank.ai/blog/page-0084,82,17.341459412866065,0.3305090776272066,10785,0,1387,Decaying Core,Priority Content Refresh,RC01_DECAY_HIGH_AUTHORITY,89.92
https://flyrank.ai/blog/page-0379,429,43.99558226888864,0.3307086175488614,43933,1,2843,Decaying Core,Priority Content Refresh,RC01_DECAY_HIGH_AUTHORITY,89.92
https://flyrank.ai/blog/page-0049,303,20.641719421418355,0.32975350933204317,19129,1,1428,Decaying Core,Priority Content Refresh,RC01_DECAY_HIGH_AUTHORITY,89.89
https://flyrank.ai/blog/page-0805,34,13.571576401366825,0.32952287996622087,5027,1,2371,Decaying Core,Priority Content Refresh,RC01_DECAY_HIGH_AUTHORITY,89.89
https://flyrank.ai/blog/page-0105,318,48.092445556003305,0.3290577077461678,19696,1,2373,Decaying Core,Priority Content Refresh,RC01_DECAY_HIGH_AUTHORITY,89.87
https://flyrank.ai/blog/page-0614,560,22.492155540289932,0.32880142784137345,17086,1,2660,Decaying Core,Priority Content Refresh,RC01_DECAY_HIGH_AUTHORITY,89.86
https://flyrank.ai/blog/page-0552,396,20.449240533878207,0.3275460497530378,8467,1,2548,Decaying Core,Priority Content Refresh,RC01_DECAY_HIGH_AUTHORITY,89.83
https://flyrank.ai/blog/page-0254,653,14.335111724268172,0.32715760463434884,32352,0,2345,Decaying Core,Priority Content Refresh,RC01_DECAY_HIGH_AUTHORITY,89.81
https://flyrank.ai/blog/page-0296,164,4.770706879831248,0.32596909088752657,24985,0,770,Decaying Core,Priority Content Refresh,RC01_DECAY_HIGH_AUTHORITY,89.78
https://flyrank.ai/blog/page-0584,203,43.717394763017886,0.32553364986349265,22620,0,2991,Decaying Core,Priority Content Refresh,RC01_DECAY_HIGH_AUTHORITY,89.77
https://flyrank.ai/blog/page-0926,533,49.61574272634232,0.3254264855769058,21162,1,550,Decaying Core,Priority Content Refresh,RC01_DECAY_HIGH_AUTHORITY,89.76
https://flyrank.ai/blog/page-0526,692,1.5694064554969311,0.32496270510312775,42237,1,3453,Decaying Core,Priority Content Refresh,RC01_DECAY_HIGH_AUTHORITY,89.75
https://flyrank.ai/blog/page-0594,451,12.194282325233637,0.3226568170645714,20910,0,2955,Decaying Core,Priority Content Refresh,RC01_DECAY_HIGH_AUTHORITY,89.68
https://flyrank.ai/blog/page-0839,85,32.456603521720034,0.322445167230365,44054,0,944,Decaying Core,Priority Content Refresh,RC01_DECAY_HIGH_AUTHORITY,89.67
https://flyrank.ai/blog/page-0195,415,26.758818932831606,0.3224413666175183,49912,0,1771,Decaying Core,Priority Content Refresh,RC01_DECAY_HIGH_AUTHORITY,89.67
https://flyrank.ai/blog/page-0692,285,23.282252926059098,0.3220600135356231,33063,1,3483,Decaying Core,Priority Content Refresh,RC01_DECAY_HIGH_AUTHORITY,89.66
https://flyrank.ai/blog/page-0523,577,40.08039593122222,0.32134640171059203,40487,0,691,Decaying Core,Priority Content Refresh,RC01_DECAY_HIGH_AUTHORITY,89.64
https://flyrank.ai/blog/page-0649,256,7.412809375199141,0.320751916760163,47295,0,2409,Decaying Core,Priority Content Refresh,RC01_DECAY_HIGH_AUTHORITY,89.62
https://flyrank.ai/blog/page-0537,371,6.141578742490569,0.3204557465838491,41343,0,3116,Decaying Core,Priority Content Refresh,RC01_DECAY_HIGH_AUTHORITY,89.61
https://flyrank.ai/blog/page-0510,655,46.12154454296866,0.31928495572404736,19333,1,3415,Decaying Core,Priority Content Refresh,RC01_DECAY_HIGH_AUTHORITY,89.58
https://flyrank.ai/blog/page-0489,606,14.43654491508483,0.3188502390084311,41267,0,1274,Decaying Core,Priority Content Refresh,RC01_DECAY_HIGH_AUTHORITY,89.57
https://flyrank.ai/blog/page-0214,701,9.59319265254903,0.31875770584461716,20800,1,1514,Decaying Core,Priority Content Refresh,RC01_DECAY_HIGH_AUTHORITY,89.56
https://flyrank.ai/blog/page-0953,719,25.62573774670868,0.3165921724339771,11073,1,1730,Decaying Core,Priority Content Refresh,RC01_DECAY_HIGH_AUTHORITY,89.5
https://flyrank.ai/blog/page-0497,636,19.057790842464296,0.315255099075169,28990,1,1355,Decaying Core,Priority Content Refresh,RC01_DECAY_HIGH_AUTHORITY,89.46
https://flyrank.ai/blog/page-0179,254,47.47421204114568,0.3151310339307489,32698,1,2406,Decaying Core,Priority Content Refresh,RC01_DECAY_HIGH_AUTHORITY,89.45
https://flyrank.ai/blog/page-0528,66,20.232184263927557,0.31418801361442783,15538,1,2208,Decaying Core,Priority Content Refresh,RC01_DECAY_HIGH_AUTHORITY,89.43
https://flyrank.ai/blog/page-0138,514,36.08263921352248,0.313243383321141,5822,0,1712,Decaying Core,Priority Content Refresh,RC01_DECAY_HIGH_AUTHORITY,89.4
https://flyrank.ai/blog/page-0750,430,20.039346962246942,0.31211206549192383,44149,0,2128,Decaying Core,Priority Content Refresh,RC01_DECAY_HIGH_AUTHORITY,89.36
https://flyrank.ai/blog/page-0188,721,14.165190609862357,0.3117415868638733,43461,1,2926,Decaying Core,Priority Content Refresh,RC01_DECAY_HIGH_AUTHORITY,89.35
https://flyrank.ai/blog/page-0227,173,18.427963106782506,0.3114385526035387,35336,0,740,Decaying Core,Priority Content Refresh,RC01_DECAY_HIGH_AUTHORITY,89.34
https://flyrank.ai/blog/page-0846,394,49.401490490529476,0.31010535191746336,49910,0,745,Decaying Core,Priority Content Refresh,RC01_DECAY_HIGH_AUTHORITY,89.3
https://flyrank.ai/blog/page-0504,631,38.775170387558546,0.3079647845584427,46105,1,2311,Decaying Core,Priority Content Refresh,RC01_DECAY_HIGH_AUTHORITY,89.24
https://flyrank.ai/blog/page-0094,373,7.901993998610193,0.3076958607450725,33750,1,623,Decaying Core,Priority Content Refresh,RC01_DECAY_HIGH_AUTHORITY,89.23
https://flyrank.ai/blog/page-0647,258,16.934313147010048,0.3075391226158797,5768,0,1816,Decaying Core,Priority Content Refresh,RC01_DECAY_HIGH_AUTHORITY,89.23
https://flyrank.ai/blog/page-0716,547,2.4889659251450063,0.3063273206955872,30916,0,2798,Decaying Core,Priority Content Refresh,RC01_DECAY_HIGH_AUTHORITY,89.19
https://flyrank.ai/blog/page-0192,593,7.828447629568382,0.3059886511996919,13096,1,2235,Decaying Core,Priority Content Refresh,RC01_DECAY_HIGH_AUTHORITY,89.18
https://flyrank.ai/blog/page-0358,692,11.803824244438593,0.30431535611681026,25775,1,2480,Decaying Core,Priority Content Refresh,RC01_DECAY_HIGH_AUTHORITY,89.13
https://flyrank.ai/blog/page-0626,390,36.92253809834877,0.3040399207141855,16778,0,2257,Decaying Core,Priority Content Refresh,RC01_DECAY_HIGH_AUTHORITY,89.12
https://flyrank.ai/blog/page-0758,132,31.35502695447111,0.3040953204631919,7181,1,2329,Decaying Core,Priority Content Refresh,RC01_DECAY_HIGH_AUTHORITY,89.12
https://flyrank.ai/blog/page-0764,476,2.256461224515349,0.30147026601890126,24790,1,3322,Decaying Core,Priority Content Refresh,RC01_DECAY_HIGH_AUTHORITY,89.04
https://flyrank.ai/blog/page-0226,540,15.145993101764294,0.3003105898590306,45126,1,3447,Decaying Core,Priority Content Refresh,RC01_DECAY_HIGH_AUTHORITY,89.01
https://flyrank.ai/blog/page-0517,705,22.08498885007367,0.30024064643382553,45636,1,2603,Decaying Core,Priority Content Refresh,RC01_DECAY_HIGH_AUTHORITY,89.01
https://flyrank.ai/blog/page-0725,174,33.234419925548764,0.29856415282759796,27353,1,1683,Decaying Core,Priority Content Refresh,RC01_DECAY_HIGH_AUTHORITY,88.96
https://flyrank.ai/blog/page-0293,306,30.2172240456206,0.29573117820012695,27227,0,316,Decaying Core,Priority Content Refresh,RC01_DECAY_HIGH_AUTHORITY,88.87
https://flyrank.ai/blog/page-0141,684,11.876635934714523,0.2955153950013113,15614,1,3091,Decaying Core,Priority Content Refresh,RC01_DECAY_HIGH_AUTHORITY,88.87
https://flyrank.ai/blog/page-0465,551,16.85690073832752,-0.07058272738001631,37723,1,1323,Striking Distance,On-Page CTR & Heading Optimization,RC02_STRIKING_DISTANCE,88.86
https://flyrank.ai/blog/page-0194,539,49.23570685447405,0.29246206609131964,46102,1,307,Decaying Core,Priority Content Refresh,RC01_DECAY_HIGH_AUTHORITY,88.77
https://flyrank.ai/blog/page-0455,247,31.42486037060638,0.292308441686308,39300,0,696,Decaying Core,Priority Content Refresh,RC01_DECAY_HIGH_AUTHORITY,88.77
https://flyrank.ai/blog/page-0283,539,15.570101361254988,0.2921177284232893,25811,0,1037,Decaying Core,Priority Content Refresh,RC01_DECAY_HIGH_AUTHORITY,88.76
https://flyrank.ai/blog/page-0394,371,4.971264579474749,0.29182897854686773,18724,1,3191,Decaying Core,Priority Content Refresh,RC01_DECAY_HIGH_AUTHORITY,88.75
https://flyrank.ai/blog/page-0629,377,45.542593512616406,0.29104967751529776,43903,0,3386,Decaying Core,Priority Content Refresh,RC01_DECAY_HIGH_AUTHORITY,88.73
https://flyrank.ai/blog/page-0714,414,43.57634423945719,0.29039617837503073,19338,0,687,Decaying Core,Priority Content Refresh,RC01_DECAY_HIGH_AUTHORITY,88.71
https://flyrank.ai/blog/page-0156,649,33.736171691961665,0.2885594645116003,41660,0,2128,Decaying Core,Priority Content Refresh,RC01_DECAY_HIGH_AUTHORITY,88.66
https://flyrank.ai/blog/page-0162,377,11.186426502155339,0.2879585598924116,33496,0,1062,Decaying Core,Priority Content Refresh,RC01_DECAY_HIGH_AUTHORITY,88.64
https://flyrank.ai/blog/page-0351,47,12.351913367788727,0.16629400525529361,37225,1,633,Striking Distance,On-Page CTR & Heading Optimization,RC02_STRIKING_DISTANCE,88.61
https://flyrank.ai/blog/page-0854,392,7.291320183252136,0.2867506771855224,34972,0,984,Decaying Core,Priority Content Refresh,RC01_DECAY_HIGH_AUTHORITY,88.6
https://flyrank.ai/blog/page-0795,310,14.358576035943155,-0.08997930563305802,37104,1,1715,Striking Distance,On-Page CTR & Heading Optimization,RC02_STRIKING_DISTANCE,88.55
https://flyrank.ai/blog/page-0021,521,39.641263350002006,0.28357164228158505,32530,0,1895,Decaying Core,Priority Content Refresh,RC01_DECAY_HIGH_AUTHORITY,88.51
https://flyrank.ai/blog/page-0460,641,37.73293975540331,0.2826537541314519,45370,1,2058,Decaying Core,Priority Content Refresh,RC01_DECAY_HIGH_AUTHORITY,88.48
https://flyrank.ai/blog/page-0321,545,31.747767697700134,0.2818023085848338,11256,1,984,Decaying Core,Priority Content Refresh,RC01_DECAY_HIGH_AUTHORITY,88.45
https://flyrank.ai/blog/page-0125,247,22.59737459997318,0.2815188432278568,8255,1,2889,Decaying Core,Priority Content Refresh,RC01_DECAY_HIGH_AUTHORITY,88.45
https://flyrank.ai/blog/page-0128,422,8.606772050604913,-0.06977838494209183,36877,1,1269,Striking Distance,On-Page CTR & Heading Optimization,RC02_STRIKING_DISTANCE,88.44
https://flyrank.ai/blog/page-0310,592,43.63484482114556,0.28047675213985224,9268,1,3451,Decaying Core,Priority Content Refresh,RC01_DECAY_HIGH_AUTHORITY,88.41
https://flyrank.ai/blog/page-0731,714,39.3368887188554,0.28011720877036417,16422,1,3418,Decaying Core,Priority Content Refresh,RC01_DECAY_HIGH_AUTHORITY,88.4
https://flyrank.ai/blog/page-0137,125,8.651477270943328,0.27956604384429373,9235,0,2533,Decaying Core,Priority Content Refresh,RC01_DECAY_HIGH_AUTHORITY,88.39
https://flyrank.ai/blog/page-0703,268,5.601135073681501,0.27919336868700273,6396,1,1283,Decaying Core,Priority Content Refresh,RC01_DECAY_HIGH_AUTHORITY,88.38
https://flyrank.ai/blog/page-0700,94,10.89081915402447,0.27898532514330965,26589,1,857,Decaying Core,Priority Content Refresh,RC01_DECAY_HIGH_AUTHORITY,88.37
https://flyrank.ai/blog/page-0403,601,18.04265118720746,0.278555628489881,13894,1,2318,Decaying Core,Priority Content Refresh,RC01_DECAY_HIGH_AUTHORITY,88.36
https://flyrank.ai/blog/page-0483,409,8.401836697264113,0.27848893365143723,28330,0,1974,Decaying Core,Priority Content Refresh,RC01_DECAY_HIGH_AUTHORITY,88.35
https://flyrank.ai/blog/page-0346,282,47.29186909227911,0.2770912585669,13150,0,3253,Decaying Core,Priority Content Refresh,RC01_DECAY_HIGH_AUTHORITY,88.31
https://flyrank.ai/blog/page-0044,160,13.338153886440685,0.2230342252373139,36512,1,1592,Striking Distance,On-Page CTR & Heading Optimization,RC02_STRIKING_DISTANCE,88.26
https://flyrank.ai/blog/page-0662,595,9.185053487146543,0.13842291660690415,36512,1,1755,Striking Distance,On-Page CTR & Heading Optimization,RC02_STRIKING_DISTANCE,88.26
https://flyrank.ai/blog/page-0012,488,6.728003994709839,0.27471709201681416,31326,1,475,Decaying Core,Priority Content Refresh,RC01_DECAY_HIGH_AUTHORITY,88.24
https://flyrank.ai/blog/page-0620,249,14.564562064517528,0.27377723078343463,23348,1,2036,Decaying Core,Priority Content Refresh,RC01_DECAY_HIGH_AUTHORITY,88.21
https://flyrank.ai/blog/page-0736,377,17.024624916598697,0.27337064013575374,27986,1,953,Decaying Core,Priority Content Refresh,RC01_DECAY_HIGH_AUTHORITY,88.2
https://flyrank.ai/blog/page-0363,133,48.48602887689975,0.2731202070722979,37155,0,1885,Decaying Core,Priority Content Refresh,RC01_DECAY_HIGH_AUTHORITY,88.19
https://flyrank.ai/blog/page-0276,654,35.57318345326873,0.272694477592652,19724,0,2451,Decaying Core,Priority Content Refresh,RC01_DECAY_HIGH_AUTHORITY,88.18
https://flyrank.ai/blog/page-0087,409,46.072925204225264,0.27121149327441074,21742,1,1420,Decaying Core,Priority Content Refresh,RC01_DECAY_HIGH_AUTHORITY,88.14
https://flyrank.ai/blog/page-0356,655,12.302820774170176,0.10099657065920287,36276,1,1765,Striking Distance,On-Page CTR & Heading Optimization,RC02_STRIKING_DISTANCE,88.14
https://flyrank.ai/blog/page-0030,282,17.762005687079466,0.16312179960203851,36181,1,3234,Striking Distance,On-Page CTR & Heading Optimization,RC02_STRIKING_DISTANCE,88.09
https://flyrank.ai/blog/page-0395,334,11.788976895540756,0.2691797354858734,39294,1,1557,Decaying Core,Priority Content Refresh,RC01_DECAY_HIGH_AUTHORITY,88.08
https://flyrank.ai/blog/page-0304,404,16.618872643671423,0.2663736379620565,47235,1,902,Decaying Core,Priority Content Refresh,RC01_DECAY_HIGH_AUTHORITY,87.99
https://flyrank.ai/blog/page-0507,646,31.684795759939355,0.2650119823305126,27090,1,2683,Decaying Core,Priority Content Refresh,RC01_DECAY_HIGH_AUTHORITY,87.95
https://flyrank.ai/blog/page-0962,350,48.32528589650778,0.26490723335789723,6639,1,1972,Decaying Core,Priority Content Refresh,RC01_DECAY_HIGH_AUTHORITY,87.95
https://flyrank.ai/blog/page-0855,537,6.10137281982415,0.26411892461752584,42315,0,2429,Decaying Core,Priority Content Refresh,RC01_DECAY_HIGH_AUTHORITY,87.92
https://flyrank.ai/blog/page-0333,547,12.446779801445587,0.2635701016527561,20683,1,981,Decaying Core,Priority Content Refresh,RC01_DECAY_HIGH_AUTHORITY,87.91
https://flyrank.ai/blog/page-0928,470,11.217015203509455,-0.0043793674441791886,35810,1,1848,Striking Distance,On-Page CTR & Heading Optimization,RC02_STRIKING_DISTANCE,87.91
https://flyrank.ai/blog/page-0957,201,4.340443159889185,0.2633225960906841,45550,1,2601,Decaying Core,Priority Content Refresh,RC01_DECAY_HIGH_AUTHORITY,87.9
https://flyrank.ai/blog/page-0051,630,47.41688364097895,0.2628856153616428,39221,1,360,Decaying Core,Priority Content Refresh,RC01_DECAY_HIGH_AUTHORITY,87.89
https://flyrank.ai/blog/page-0235,689,11.532078550947082,0.26265513636717075,31008,0,3346,Decaying Core,Priority Content Refresh,RC01_DECAY_HIGH_AUTHORITY,87.88
https://flyrank.ai/blog/page-0973,363,4.00613172842274,0.26257236939880524,10844,1,2246,Decaying Core,Priority Content Refresh,RC01_DECAY_HIGH_AUTHORITY,87.88
https://flyrank.ai/blog/page-0518,423,10.8257116083165,0.2622124462285289,29331,1,2931,Decaying Core,Priority Content Refresh,RC01_DECAY_HIGH_AUTHORITY,87.87
https://flyrank.ai/blog/page-0555,128,34.78378348772602,0.2616008399121853,37805,1,2827,Decaying Core,Priority Content Refresh,RC01_DECAY_HIGH_AUTHORITY,87.85
https://flyrank.ai/blog/page-0941,142,35.05260335622062,0.26110333189862966,22360,1,3078,Decaying Core,Priority Content Refresh,RC01_DECAY_HIGH_AUTHORITY,87.83
https://flyrank.ai/blog/page-0682,70,16.491649143860776,0.012017455524235818,35629,1,3145,Striking Distance,On-Page CTR & Heading Optimization,RC02_STRIKING_DISTANCE,87.81
https://flyrank.ai/blog/page-0441,276,27.522062355129403,0.258858327201537,23720,0,2462,Decaying Core,Priority Content Refresh,RC01_DECAY_HIGH_AUTHORITY,87.77
https://flyrank.ai/blog/page-0323,221,49.22008999076546,0.2587518541392322,31945,1,1048,Decaying Core,Priority Content Refresh,RC01_DECAY_HIGH_AUTHORITY,87.76
https://flyrank.ai/blog/page-0756,104,30.568981075687518,0.2578928235405258,31054,1,2880,Decaying Core,Priority Content Refresh,RC01_DECAY_HIGH_AUTHORITY,87.74
https://flyrank.ai/blog/page-0867,503,26.433929754505247,0.2577903974660608,30935,0,3155,Decaying Core,Priority Content Refresh,RC01_DECAY_HIGH_AUTHORITY,87.73
https://flyrank.ai/blog/page-0775,167,1.89339655114172,0.2573027423029626,47321,0,2013,Decaying Core,Priority Content Refresh,RC01_DECAY_HIGH_AUTHORITY,87.72
https://flyrank.ai/blog/page-0139,436,33.28727315359742,0.255852382841396,27513,0,2511,Decaying Core,Priority Content Refresh,RC01_DECAY_HIGH_AUTHORITY,87.68
https://flyrank.ai/blog/page-0572,162,4.925627472849082,0.25518835710246623,25740,1,477,Decaying Core,Priority Content Refresh,RC01_DECAY_HIGH_AUTHORITY,87.66
https://flyrank.ai/blog/page-0539,728,49.34646707009018,0.2543862416466419,42151,1,3486,Decaying Core,Priority Content Refresh,RC01_DECAY_HIGH_AUTHORITY,87.63
https://flyrank.ai/blog/page-0134,604,32.55597761871177,0.25409688506628025,18853,1,693,Decaying Core,Priority Content Refresh,RC01_DECAY_HIGH_AUTHORITY,87.62
https://flyrank.ai/blog/page-0676,119,27.02730687205057,0.25381858253731493,31881,1,1801,Decaying Core,Priority Content Refresh,RC01_DECAY_HIGH_AUTHORITY,87.61
https://flyrank.ai/blog/page-0383,121,47.826923413257916,0.2536447415036467,45914,0,2512,Decaying Core,Priority Content Refresh,RC01_DECAY_HIGH_AUTHORITY,87.61
https://flyrank.ai/blog/page-0037,729,8.345953940089915,0.12078482702360888,35163,1,1700,Striking Distance,On-Page CTR & Heading Optimization,RC02_STRIKING_DISTANCE,87.58
https://flyrank.ai/blog/page-0844,245,30.12934042412248,0.25215876554588545,11776,1,2571,Decaying Core,Priority Content Refresh,RC01_DECAY_HIGH_AUTHORITY,87.56
https://flyrank.ai/blog/page-0787,140,13.582051818304889,0.09513191069018709,35110,0,2850,Striking Distance,On-Page CTR & Heading Optimization,RC02_STRIKING_DISTANCE,87.56
https://flyrank.ai/blog/page-0909,636,41.47731388237389,0.25028080199714087,13106,1,3478,Decaying Core,Priority Content Refresh,RC01_DECAY_HIGH_AUTHORITY,87.51
https://flyrank.ai/blog/page-0821,76,45.10113304650255,0.25043698764929245,39182,0,1074,Decaying Core,Priority Content Refresh,RC01_DECAY_HIGH_AUTHORITY,87.51
https://flyrank.ai/blog/page-0609,444,19.18089938624553,0.15334399358650544,34861,1,442,Striking Distance,On-Page CTR & Heading Optimization,RC02_STRIKING_DISTANCE,87.43
https://flyrank.ai/blog/page-0914,69,13.892515925631301,0.15886927919102364,34760,0,397,Striking Distance,On-Page CTR & Heading Optimization,RC02_STRIKING_DISTANCE,87.38
https://flyrank.ai/blog/page-0964,642,16.278990521177718,-0.012114849666142652,33725,1,1148,Striking Distance,On-Page CTR & Heading Optimization,RC02_STRIKING_DISTANCE,86.86
https://flyrank.ai/blog/page-0406,132,14.084385238301644,0.2298175292529702,32398,1,2144,Striking Distance,On-Page CTR & Heading Optimization,RC02_STRIKING_DISTANCE,86.2
https://flyrank.ai/blog/page-0659,444,13.186999356793866,-0.0821865680659744,32057,1,1551,Striking Distance,On-Page CTR & Heading Optimization,RC02_STRIKING_DISTANCE,86.03
https://flyrank.ai/blog/page-0052,345,8.51421875268793,0.005118300571929149,31533,1,2434,Striking Distance,On-Page CTR & Heading Optimization,RC02_STRIKING_DISTANCE,85.77
https://flyrank.ai/blog/page-0825,85,14.46549574185867,-0.04896871524246755,30798,1,2293,Striking Distance,On-Page CTR & Heading Optimization,RC02_STRIKING_DISTANCE,85.4
https://flyrank.ai/blog/page-0290,190,16.635923188919527,0.07957104371097345,30681,0,1368,Striking Distance,On-Page CTR & Heading Optimization,RC02_STRIKING_DISTANCE,85.34
https://flyrank.ai/blog/page-0081,281,17.424664840649147,0.16735774775702708,30627,0,837,Striking Distance,On-Page CTR & Heading Optimization,RC02_STRIKING_DISTANCE,85.31
https://flyrank.ai/blog/page-0842,57,12.365407709682795,-0.013955525074228717,29994,1,835,Striking Distance,On-Page CTR & Heading Optimization,RC02_STRIKING_DISTANCE,85.0
https://flyrank.ai/blog/page-0331,75,15.074710591050005,0.13115054541004825,29666,1,1907,Striking Distance,On-Page CTR & Heading Optimization,RC02_STRIKING_DISTANCE,84.83
https://flyrank.ai/blog/page-0663,288,9.213341598127565,-0.0498016778066443,29593,1,3435,Striking Distance,On-Page CTR & Heading Optimization,RC02_STRIKING_DISTANCE,84.8
https://flyrank.ai/blog/page-0766,278,19.629585320506997,0.04033216086988192,29445,0,1453,Striking Distance,On-Page CTR & Heading Optimization,RC02_STRIKING_DISTANCE,84.72
https://flyrank.ai/blog/page-0099,168,18.757301056715022,0.13678725419614884,29390,1,954,Striking Distance,On-Page CTR & Heading Optimization,RC02_STRIKING_DISTANCE,84.69
https://flyrank.ai/blog/page-0623,689,11.322447261277663,0.19542398208934728,29161,0,2988,Striking Distance,On-Page CTR & Heading Optimization,RC02_STRIKING_DISTANCE,84.58
https://flyrank.ai/blog/page-0645,242,13.64853820235525,0.20168965435930733,28373,1,2907,Striking Distance,On-Page CTR & Heading Optimization,RC02_STRIKING_DISTANCE,84.19
https://flyrank.ai/blog/page-0117,603,10.343698312519662,0.0765687141213531,28347,1,1450,Striking Distance,On-Page CTR & Heading Optimization,RC02_STRIKING_DISTANCE,84.17
https://flyrank.ai/blog/page-0863,68,16.845206543660517,-0.061967575623967326,27474,1,3285,Striking Distance,On-Page CTR & Heading Optimization,RC02_STRIKING_DISTANCE,83.74
https://flyrank.ai/blog/page-0836,721,11.620250204448007,0.05822029847119978,27148,0,1988,Striking Distance,On-Page CTR & Heading Optimization,RC02_STRIKING_DISTANCE,83.57
https://flyrank.ai/blog/page-0545,262,1.4787715235399994,-0.06804587814833139,11783,0,514,Schema Missing,Inject JSON-LD Structured Data,RC03_SCHEMA_ENRICHMENT,83.52
https://flyrank.ai/blog/page-0361,519,18.156137699169776,0.17717933086371837,26832,1,1740,Striking Distance,On-Page CTR & Heading Optimization,RC02_STRIKING_DISTANCE,83.42
https://flyrank.ai/blog/page-0160,669,1.6370942520260656,0.14876919808001757,9271,0,1168,Schema Missing,Inject JSON-LD Structured Data,RC03_SCHEMA_ENRICHMENT,83.36
https://flyrank.ai/blog/page-0102,421,1.641628372828348,0.1605169166862593,2995,0,3184,Schema Missing,Inject JSON-LD Structured Data,RC03_SCHEMA_ENRICHMENT,83.36
https://flyrank.ai/blog/page-0380,683,14.014402086846598,-0.041575140507431704,26500,0,2845,Striking Distance,On-Page CTR & Heading Optimization,RC02_STRIKING_DISTANCE,83.25
https://flyrank.ai/blog/page-0598,394,10.777580095528112,0.2193655562688794,26349,0,3059,Striking Distance,On-Page CTR & Heading Optimization,RC02_STRIKING_DISTANCE,83.17
https://flyrank.ai/blog/page-0056,594,1.8873990072211848,-0.07082896957833101,1857,0,3029,Schema Missing,Inject JSON-LD Structured Data,RC03_SCHEMA_ENRICHMENT,83.11
https://flyrank.ai/blog/page-0942,169,17.95888660035149,0.08731487370958002,26169,1,2001,Striking Distance,On-Page CTR & Heading Optimization,RC02_STRIKING_DISTANCE,83.08
https://flyrank.ai/blog/page-0470,471,14.407706647801628,0.10455276132332841,26091,1,3348,Striking Distance,On-Page CTR & Heading Optimization,RC02_STRIKING_DISTANCE,83.05
https://flyrank.ai/blog/page-0477,526,11.81771102664926,0.1133257667702933,26017,1,2856,Striking Distance,On-Page CTR & Heading Optimization,RC02_STRIKING_DISTANCE,83.01
https://flyrank.ai/blog/page-0464,52,2.0840540249208654,0.19578389981836122,38809,0,2123,Schema Missing,Inject JSON-LD Structured Data,RC03_SCHEMA_ENRICHMENT,82.92
https://flyrank.ai/blog/page-0163,502,2.300077989817166,-0.09633927051996109,42689,0,3237,Schema Missing,Inject JSON-LD Structured Data,RC03_SCHEMA_ENRICHMENT,82.7
https://flyrank.ai/blog/page-0140,260,2.327703632670691,0.10828391592317438,27336,0,334,Schema Missing,Inject JSON-LD Structured Data,RC03_SCHEMA_ENRICHMENT,82.67
https://flyrank.ai/blog/page-0697,34,2.4687059037612196,0.17263732643169424,21325,0,2887,Schema Missing,Inject JSON-LD Structured Data,RC03_SCHEMA_ENRICHMENT,82.53
https://flyrank.ai/blog/page-0374,65,11.967063126308531,0.028957387466618273,24718,0,1546,Striking Distance,On-Page CTR & Heading Optimization,RC02_STRIKING_DISTANCE,82.36
https://flyrank.ai/blog/page-0275,616,2.931913757056789,-0.0025282402176834,45575,0,1410,Schema Missing,Inject JSON-LD Structured Data,RC03_SCHEMA_ENRICHMENT,82.07
https://flyrank.ai/blog/page-0024,221,13.17596785090882,-0.0313421934510288,24089,1,555,Striking Distance,On-Page CTR & Heading Optimization,RC02_STRIKING_DISTANCE,82.04
https://flyrank.ai/blog/page-0611,211,2.9653503792116416,-0.09290817118057965,31652,0,2791,Schema Missing,Inject JSON-LD Structured Data,RC03_SCHEMA_ENRICHMENT,82.03
https://flyrank.ai/blog/page-0202,142,14.428705813673094,-0.05901434952921457,23954,0,2214,Striking Distance,On-Page CTR & Heading Optimization,RC02_STRIKING_DISTANCE,81.98
https://flyrank.ai/blog/page-0727,107,3.3623899041672454,0.040918475475703264,32954,0,640,Schema Missing,Inject JSON-LD Structured Data,RC03_SCHEMA_ENRICHMENT,81.64
https://flyrank.ai/blog/page-0022,443,8.432069106904809,0.2180641341919726,23191,1,1985,Striking Distance,On-Page CTR & Heading Optimization,RC02_STRIKING_DISTANCE,81.6
https://flyrank.ai/blog/page-0239,176,3.519864860728267,0.20075976891725453,10875,0,1914,Schema Missing,Inject JSON-LD Structured Data,RC03_SCHEMA_ENRICHMENT,81.48
https://flyrank.ai/blog/page-0564,68,3.5465928989221482,0.2588674081694915,2526,0,3403,Schema Missing,Inject JSON-LD Structured Data,RC03_SCHEMA_ENRICHMENT,81.45
https://flyrank.ai/blog/page-0015,129,17.41037511819722,0.06884102031967901,22894,1,2270,Striking Distance,On-Page CTR & Heading Optimization,RC02_STRIKING_DISTANCE,81.45
https://flyrank.ai/blog/page-0493,585,12.267775688663223,-0.0663000148151526,22793,1,1509,Striking Distance,On-Page CTR & Heading Optimization,RC02_STRIKING_DISTANCE,81.4
https://flyrank.ai/blog/page-0501,64,10.090750269452936,0.06765711893667667,22647,1,3062,Striking Distance,On-Page CTR & Heading Optimization,RC02_STRIKING_DISTANCE,81.32
https://flyrank.ai/blog/page-0981,349,12.719825106580355,-0.08348352474812962,22595,1,2007,Striking Distance,On-Page CTR & Heading Optimization,RC02_STRIKING_DISTANCE,81.3
https://flyrank.ai/blog/page-0278,451,9.848191911239343,0.14314032838118984,22512,1,521,Striking Distance,On-Page CTR & Heading Optimization,RC02_STRIKING_DISTANCE,81.26
https://flyrank.ai/blog/page-0675,705,3.797255948376428,-0.08072429609137416,1737,0,2222,Schema Missing,Inject JSON-LD Structured Data,RC03_SCHEMA_ENRICHMENT,81.2
https://flyrank.ai/blog/page-0976,166,3.8500259797683136,-0.0990524619991723,27969,0,3339,Schema Missing,Inject JSON-LD Structured Data,RC03_SCHEMA_ENRICHMENT,81.15
https://flyrank.ai/blog/page-0581,282,3.957252115537626,0.18771475268588203,30231,0,2922,Schema Missing,Inject JSON-LD Structured Data,RC03_SCHEMA_ENRICHMENT,81.04
https://flyrank.ai/blog/page-0585,682,11.741485380544171,0.11656090250394743,21969,1,3270,Striking Distance,On-Page CTR & Heading Optimization,RC02_STRIKING_DISTANCE,80.98
https://flyrank.ai/blog/page-0866,115,4.401768294558575,-0.09990571489686029,25407,0,780,Schema Missing,Inject JSON-LD Structured Data,RC03_SCHEMA_ENRICHMENT,80.6
https://flyrank.ai/blog/page-0755,607,4.586600264653738,0.17057835477611946,4833,0,2978,Schema Missing,Inject JSON-LD Structured Data,RC03_SCHEMA_ENRICHMENT,80.41
https://flyrank.ai/blog/page-0245,670,4.681751305054629,0.2380782104597486,36120,0,1712,Schema Missing,Inject JSON-LD Structured Data,RC03_SCHEMA_ENRICHMENT,80.32
https://flyrank.ai/blog/page-0551,535,4.850346360596016,0.03726839891687503,31081,0,1695,Schema Missing,Inject JSON-LD Structured Data,RC03_SCHEMA_ENRICHMENT,80.15
https://flyrank.ai/blog/page-0859,221,4.891549080460344,0.24768679597256257,12099,0,2404,Schema Missing,Inject JSON-LD Structured Data,RC03_SCHEMA_ENRICHMENT,80.11
https://flyrank.ai/blog/page-0222,323,5.057134728331197,-0.017164666353628885,28252,0,2269,Schema Missing,Inject JSON-LD Structured Data,RC03_SCHEMA_ENRICHMENT,79.94
https://flyrank.ai/blog/page-0129,236,9.914478394268285,0.015370371010605968,19810,0,2607,Striking Distance,On-Page CTR & Heading Optimization,RC02_STRIKING_DISTANCE,79.91
https://flyrank.ai/blog/page-0431,667,15.064868525570727,0.12757281080218927,19681,1,1216,Striking Distance,On-Page CTR & Heading Optimization,RC02_STRIKING_DISTANCE,79.84
https://flyrank.ai/blog/page-0108,260,5.182133735853549,-0.014949036589357367,10817,0,2229,Schema Missing,Inject JSON-LD Structured Data,RC03_SCHEMA_ENRICHMENT,79.82
https://flyrank.ai/blog/page-0272,149,11.83926264916051,-0.07647047987170216,19593,1,440,Striking Distance,On-Page CTR & Heading Optimization,RC02_STRIKING_DISTANCE,79.8
https://flyrank.ai/blog/page-0338,526,19.8320057108244,0.06715734796707748,19556,1,843,Striking Distance,On-Page CTR & Heading Optimization,RC02_STRIKING_DISTANCE,79.78
https://flyrank.ai/blog/page-0784,234,18.229511674742085,0.10957691186017685,19489,1,2233,Striking Distance,On-Page CTR & Heading Optimization,RC02_STRIKING_DISTANCE,79.74
https://flyrank.ai/blog/page-0630,219,9.804472334641856,0.14021714722086073,19396,0,490,Striking Distance,On-Page CTR & Heading Optimization,RC02_STRIKING_DISTANCE,79.7
https://flyrank.ai/blog/page-0191,471,13.636496586226912,-0.054602483861922166,19264,1,3234,Striking Distance,On-Page CTR & Heading Optimization,RC02_STRIKING_DISTANCE,79.63
https://flyrank.ai/blog/page-0343,729,5.3811391133007165,-0.05435678611765557,33376,0,1228,Schema Missing,Inject JSON-LD Structured Data,RC03_SCHEMA_ENRICHMENT,79.62
https://flyrank.ai/blog/page-0829,602,5.681230377898741,0.09670314923609949,9459,0,1546,Schema Missing,Inject JSON-LD Structured Data,RC03_SCHEMA_ENRICHMENT,79.32
https://flyrank.ai/blog/page-0557,54,10.807361967995694,-0.09463517714554227,18585,0,3258,Striking Distance,On-Page CTR & Heading Optimization,RC02_STRIKING_DISTANCE,79.29
https://flyrank.ai/blog/page-0298,430,17.65387322463524,-0.02013295057844665,18475,1,1390,Striking Distance,On-Page CTR & Heading Optimization,RC02_STRIKING_DISTANCE,79.24
https://flyrank.ai/blog/page-0785,155,5.96962059401161,0.15110086779190943,36420,0,305,Schema Missing,Inject JSON-LD Structured Data,RC03_SCHEMA_ENRICHMENT,79.03
https://flyrank.ai/blog/page-0244,367,6.223314403554818,0.2207308207165248,6714,0,3169,Schema Missing,Inject JSON-LD Structured Data,RC03_SCHEMA_ENRICHMENT,78.78
https://flyrank.ai/blog/page-0720,52,11.568082467488141,0.24222848225471597,17513,1,1151,Striking Distance,On-Page CTR & Heading Optimization,RC02_STRIKING_DISTANCE,78.76
https://flyrank.ai/blog/page-0032,504,6.420955110805155,0.22161273788419064,42836,0,3186,Schema Missing,Inject JSON-LD Structured Data,RC03_SCHEMA_ENRICHMENT,78.58
https://flyrank.ai/blog/page-0250,640,13.073699628716234,0.20579549183062565,17064,1,1907,Striking Distance,On-Page CTR & Heading Optimization,RC02_STRIKING_DISTANCE,78.53
https://flyrank.ai/blog/page-0474,45,9.01756723839179,-0.08739541107968185,17001,1,2544,Striking Distance,On-Page CTR & Heading Optimization,RC02_STRIKING_DISTANCE,78.5
https://flyrank.ai/blog/page-0242,669,17.37795065003108,0.030270992492394122,16773,0,3227,Striking Distance,On-Page CTR & Heading Optimization,RC02_STRIKING_DISTANCE,78.39
https://flyrank.ai/blog/page-0913,572,15.853289441321103,0.15809501960535663,16733,1,2185,Striking Distance,On-Page CTR & Heading Optimization,RC02_STRIKING_DISTANCE,78.37
https://flyrank.ai/blog/page-0652,470,12.566472703976734,0.1621870209140849,16546,0,522,Striking Distance,On-Page CTR & Heading Optimization,RC02_STRIKING_DISTANCE,78.27
https://flyrank.ai/blog/page-0426,670,8.877234906367102,0.22990101717871517,16299,1,1792,Striking Distance,On-Page CTR & Heading Optimization,RC02_STRIKING_DISTANCE,78.15
https://flyrank.ai/blog/page-0937,439,15.929277815804,0.1011867175259058,16035,0,1413,Striking Distance,On-Page CTR & Heading Optimization,RC02_STRIKING_DISTANCE,78.02
https://flyrank.ai/blog/page-0461,318,7.374225766400967,0.16628038427928674,9841,0,3189,Schema Missing,Inject JSON-LD Structured Data,RC03_SCHEMA_ENRICHMENT,77.63
https://flyrank.ai/blog/page-0229,230,15.558964065535577,0.15356480915660184,15142,1,2185,Striking Distance,On-Page CTR & Heading Optimization,RC02_STRIKING_DISTANCE,77.57
https://flyrank.ai/blog/page-0946,683,7.4937089643505725,0.13614188273836486,32921,0,2579,Schema Missing,Inject JSON-LD Structured Data,RC03_SCHEMA_ENRICHMENT,77.51
https://flyrank.ai/blog/page-0553,173,7.503071948109957,0.096478250861182,5385,0,3175,Schema Missing,Inject JSON-LD Structured Data,RC03_SCHEMA_ENRICHMENT,77.5
https://flyrank.ai/blog/page-0959,197,7.623148168586315,0.11830470054181821,21939,0,2427,Schema Missing,Inject JSON-LD Structured Data,RC03_SCHEMA_ENRICHMENT,77.38
https://flyrank.ai/blog/page-0788,692,14.958772196134218,0.04749347470704221,14765,0,2329,Striking Distance,On-Page CTR & Heading Optimization,RC02_STRIKING_DISTANCE,77.38
https://flyrank.ai/blog/page-0259,681,7.704112915029109,-0.051729388550505184,34248,0,1283,Schema Missing,Inject JSON-LD Structured Data,RC03_SCHEMA_ENRICHMENT,77.3
https://flyrank.ai/blog/page-0208,414,7.707395873371556,0.20813929856884336,2279,0,1776,Schema Missing,Inject JSON-LD Structured Data,RC03_SCHEMA_ENRICHMENT,77.29
https://flyrank.ai/blog/page-0481,719,14.389716822912257,-0.0211937267116441,14356,1,1761,Striking Distance,On-Page CTR & Heading Optimization,RC02_STRIKING_DISTANCE,77.18
https://flyrank.ai/blog/page-0753,236,19.289337789837663,0.04225616376026106,13145,1,1882,Striking Distance,On-Page CTR & Heading Optimization,RC02_STRIKING_DISTANCE,76.57
https://flyrank.ai/blog/page-0558,498,9.206646530694417,0.05334816637130044,13077,0,1144,Striking Distance,On-Page CTR & Heading Optimization,RC02_STRIKING_DISTANCE,76.54
https://flyrank.ai/blog/page-0549,413,18.180719629249857,0.1319429049721355,13005,0,1712,Striking Distance,On-Page CTR & Heading Optimization,RC02_STRIKING_DISTANCE,76.5
https://flyrank.ai/blog/page-0678,727,2.9278334927569727,0.16894469909006013,5203,1,310,Thin / Outdated,Evaluate for Consolidation or Pruning,RC04_THIN_OR_PRUNE,76.35
https://flyrank.ai/blog/page-0308,259,12.415014262928054,-0.0526321466699989,12641,0,2605,Striking Distance,On-Page CTR & Heading Optimization,RC02_STRIKING_DISTANCE,76.32
https://flyrank.ai/blog/page-0270,181,13.23373243410011,-0.05424368970493034,12351,1,2312,Striking Distance,On-Page CTR & Heading Optimization,RC02_STRIKING_DISTANCE,76.18
https://flyrank.ai/blog/page-0328,249,12.700080142646815,0.040954647495182045,12167,0,3451,Striking Distance,On-Page CTR & Heading Optimization,RC02_STRIKING_DISTANCE,76.08
https://flyrank.ai/blog/page-0008,151,19.810669847287357,-0.08656540622386033,11804,0,2624,Striking Distance,On-Page CTR & Heading Optimization,RC02_STRIKING_DISTANCE,75.9
https://flyrank.ai/blog/page-0355,715,26.12173703980892,0.2663307418363189,1638,1,466,Thin / Outdated,Evaluate for Consolidation or Pruning,RC04_THIN_OR_PRUNE,75.75
https://flyrank.ai/blog/page-0546,105,16.996604103955605,-0.001983131712677638,11436,1,2909,Striking Distance,On-Page CTR & Heading Optimization,RC02_STRIKING_DISTANCE,75.72
https://flyrank.ai/blog/page-0654,76,9.318137349289497,0.20137053692354526,10851,0,647,Striking Distance,On-Page CTR & Heading Optimization,RC02_STRIKING_DISTANCE,75.43
https://flyrank.ai/blog/page-0330,506,18.37648572439805,0.015294447402607117,10828,0,3334,Striking Distance,On-Page CTR & Heading Optimization,RC02_STRIKING_DISTANCE,75.41
https://flyrank.ai/blog/page-0865,260,18.39481898576493,0.12231075668278163,10631,1,2544,Striking Distance,On-Page CTR & Heading Optimization,RC02_STRIKING_DISTANCE,75.32
https://flyrank.ai/blog/page-0525,693,23.30578730500826,0.2103660100654314,2742,1,379,Thin / Outdated,Evaluate for Consolidation or Pruning,RC04_THIN_OR_PRUNE,74.65
https://flyrank.ai/blog/page-0104,448,9.72376237661782,0.2075834927861165,8811,1,2123,Striking Distance,On-Page CTR & Heading Optimization,RC02_STRIKING_DISTANCE,74.41
https://flyrank.ai/blog/page-0417,686,37.88311533832442,0.06791187892916128,49179,0,440,Thin / Outdated,Evaluate for Consolidation or Pruning,RC04_THIN_OR_PRUNE,74.3
https://flyrank.ai/blog/page-0886,398,9.589844175525322,0.16412263777423494,8497,1,3128,Striking Distance,On-Page CTR & Heading Optimization,RC02_STRIKING_DISTANCE,74.25
https://flyrank.ai/blog/page-0006,50,12.378422062194048,0.191307798725833,7759,0,2631,Striking Distance,On-Page CTR & Heading Optimization,RC02_STRIKING_DISTANCE,73.88
https://flyrank.ai/blog/page-0812,674,47.61876376812619,0.1441743737786355,15910,1,290,Thin / Outdated,Evaluate for Consolidation or Pruning,RC04_THIN_OR_PRUNE,73.7
https://flyrank.ai/blog/page-0340,210,11.694440505388144,0.5894927592986126,506,0,3149,Schema Missing,Inject JSON-LD Structured Data,RC03_SCHEMA_ENRICHMENT,73.31
https://flyrank.ai/blog/page-0834,654,37.10681350226493,0.12504699087351734,42681,1,417,Thin / Outdated,Evaluate for Consolidation or Pruning,RC04_THIN_OR_PRUNE,72.7
https://flyrank.ai/blog/page-0640,714,18.60243510058852,0.21249366148110752,5407,1,708,Striking Distance,On-Page CTR & Heading Optimization,RC02_STRIKING_DISTANCE,72.7
https://flyrank.ai/blog/page-0294,533,12.27043302709745,0.2247527406818353,5241,1,440,Striking Distance,On-Page CTR & Heading Optimization,RC02_STRIKING_DISTANCE,72.62
https://flyrank.ai/blog/page-0133,720,14.266488984034135,0.04945795641747033,5067,1,668,Striking Distance,On-Page CTR & Heading Optimization,RC02_STRIKING_DISTANCE,72.53
https://flyrank.ai/blog/page-0171,657,19.60492800019608,0.004221635232711268,5056,0,1323,Striking Distance,On-Page CTR & Heading Optimization,RC02_STRIKING_DISTANCE,72.53
https://flyrank.ai/blog/page-0373,535,11.997588019996373,0.04141096788174295,5046,1,1827,Striking Distance,On-Page CTR & Heading Optimization,RC02_STRIKING_DISTANCE,72.52
https://flyrank.ai/blog/page-0752,332,12.639662412842046,0.10004848886810913,4857,1,795,Striking Distance,On-Page CTR & Heading Optimization,RC02_STRIKING_DISTANCE,72.43
https://flyrank.ai/blog/page-0798,696,9.876318127199335,0.4183332923674634,4288,0,2411,Striking Distance,On-Page CTR & Heading Optimization,RC02_STRIKING_DISTANCE,72.14
https://flyrank.ai/blog/page-0570,252,17.6330594345975,-0.02031312456637903,4238,0,2403,Striking Distance,On-Page CTR & Heading Optimization,RC02_STRIKING_DISTANCE,72.12
https://flyrank.ai/blog/page-0494,314,11.442130497229082,0.532026496634391,4217,0,2631,Striking Distance,On-Page CTR & Heading Optimization,RC02_STRIKING_DISTANCE,72.11
https://flyrank.ai/blog/page-0698,148,16.088567137968354,0.16985833331584557,3706,1,1289,Striking Distance,On-Page CTR & Heading Optimization,RC02_STRIKING_DISTANCE,71.85
https://flyrank.ai/blog/page-0915,258,18.646683966104437,-0.06335148586876932,3539,0,1609,Striking Distance,On-Page CTR & Heading Optimization,RC02_STRIKING_DISTANCE,71.77
https://flyrank.ai/blog/page-0807,633,24.69373668927631,0.24133946676704757,11264,1,350,Thin / Outdated,Evaluate for Consolidation or Pruning,RC04_THIN_OR_PRUNE,71.65
https://flyrank.ai/blog/page-0531,554,15.291466356755858,0.2586546442820534,3094,0,2890,Striking Distance,On-Page CTR & Heading Optimization,RC02_STRIKING_DISTANCE,71.55
https://flyrank.ai/blog/page-0149,115,12.6709562712896,0.07267520516513609,2887,1,313,Striking Distance,On-Page CTR & Heading Optimization,RC02_STRIKING_DISTANCE,71.44
https://flyrank.ai/blog/page-0862,57,10.401498911218402,0.34069038782421557,2863,1,404,Striking Distance,On-Page CTR & Heading Optimization,RC02_STRIKING_DISTANCE,71.43
https://flyrank.ai/blog/page-0707,246,9.68033968292191,0.1116332745460456,2691,1,2782,Striking Distance,On-Page CTR & Heading Optimization,RC02_STRIKING_DISTANCE,71.35
https://flyrank.ai/blog/page-0875,423,16.892353902653404,0.41863283930645,2482,1,1753,Striking Distance,On-Page CTR & Heading Optimization,RC02_STRIKING_DISTANCE,71.24
https://flyrank.ai/blog/page-0550,593,2.6269523307769616,0.23742874067845773,24451,1,406,Thin / Outdated,Evaluate for Consolidation or Pruning,RC04_THIN_OR_PRUNE,69.65
https://flyrank.ai/blog/page-0443,183,17.75173613589562,0.04885106345976728,987,0,1972,Schema Missing,Inject JSON-LD Structured Data,RC03_SCHEMA_ENRICHMENT,67.25
https://flyrank.ai/blog/page-0225,227,20.07548508805685,0.16868306635313077,16754,0,757,Schema Missing,Inject JSON-LD Structured Data,RC03_SCHEMA_ENRICHMENT,64.92
https://flyrank.ai/blog/page-0748,265,20.412461888853514,0.23838520518120263,41705,0,2376,Schema Missing,Inject JSON-LD Structured Data,RC03_SCHEMA_ENRICHMENT,64.59
https://flyrank.ai/blog/page-0920,497,20.452094336639888,0.04839583828906063,20276,0,339,Schema Missing,Inject JSON-LD Structured Data,RC03_SCHEMA_ENRICHMENT,64.55
https://flyrank.ai/blog/page-0155,57,20.461992951304286,0.042824944240229174,20227,0,740,Schema Missing,Inject JSON-LD Structured Data,RC03_SCHEMA_ENRICHMENT,64.54
https://flyrank.ai/blog/page-0954,39,20.53448836084334,-0.09305332521051507,6959,0,2384,Schema Missing,Inject JSON-LD Structured Data,RC03_SCHEMA_ENRICHMENT,64.47
https://flyrank.ai/blog/page-0898,318,20.5664798746561,0.576233253590074,3406,0,3209,Schema Missing,Inject JSON-LD Structured Data,RC03_SCHEMA_ENRICHMENT,64.43
https://flyrank.ai/blog/page-0319,482,20.694614766852865,0.18823587910915593,13522,0,428,Schema Missing,Inject JSON-LD Structured Data,RC03_SCHEMA_ENRICHMENT,64.31
https://flyrank.ai/blog/page-0389,219,21.014207440464236,0.016168426707049488,5097,0,2122,Schema Missing,Inject JSON-LD Structured Data,RC03_SCHEMA_ENRICHMENT,63.99
https://flyrank.ai/blog/page-0491,197,21.057366309437107,0.10994337805488927,5855,0,1719,Schema Missing,Inject JSON-LD Structured Data,RC03_SCHEMA_ENRICHMENT,63.94
https://flyrank.ai/blog/page-0907,475,38.00825060434359,0.1520353261306848,17989,1,393,Thin / Outdated,Evaluate for Consolidation or Pruning,RC04_THIN_OR_PRUNE,63.75
https://flyrank.ai/blog/page-0107,519,21.316582062624164,0.06848489828275345,8299,0,2133,Schema Missing,Inject JSON-LD Structured Data,RC03_SCHEMA_ENRICHMENT,63.68
https://flyrank.ai/blog/page-0344,145,21.46145801346149,0.2247519637686329,36532,0,1999,Schema Missing,Inject JSON-LD Structured Data,RC03_SCHEMA_ENRICHMENT,63.54
https://flyrank.ai/blog/page-0619,682,21.664325416799315,-0.05348930895095759,16973,0,2818,Schema Missing,Inject JSON-LD Structured Data,RC03_SCHEMA_ENRICHMENT,63.34
https://flyrank.ai/blog/page-0484,574,22.184405251087494,-0.032425870863191444,40030,0,2201,Schema Missing,Inject JSON-LD Structured Data,RC03_SCHEMA_ENRICHMENT,62.82
https://flyrank.ai/blog/page-0638,87,22.81995749513061,0.11441944914474886,20125,0,2583,Schema Missing,Inject JSON-LD Structured Data,RC03_SCHEMA_ENRICHMENT,62.18
https://flyrank.ai/blog/page-0751,653,22.985987508504003,0.16273093554372128,14017,0,2710,Schema Missing,Inject JSON-LD Structured Data,RC03_SCHEMA_ENRICHMENT,62.01
https://flyrank.ai/blog/page-0680,207,23.15775238588833,-0.07833094635645954,49896,0,1953,Schema Missing,Inject JSON-LD Structured Data,RC03_SCHEMA_ENRICHMENT,61.84
https://flyrank.ai/blog/page-0603,356,23.6685248802265,-0.05029463482672118,7710,0,2545,Schema Missing,Inject JSON-LD Structured Data,RC03_SCHEMA_ENRICHMENT,61.33
https://flyrank.ai/blog/page-0347,190,23.902674051243615,0.24846875562400314,780,0,1740,Schema Missing,Inject JSON-LD Structured Data,RC03_SCHEMA_ENRICHMENT,61.1
https://flyrank.ai/blog/page-0499,282,24.1872854278863,0.02973112567010011,1618,0,2240,Schema Missing,Inject JSON-LD Structured Data,RC03_SCHEMA_ENRICHMENT,60.81
https://flyrank.ai/blog/page-0287,367,24.236496616215724,0.08211045367343581,21075,0,2822,Schema Missing,Inject JSON-LD Structured Data,RC03_SCHEMA_ENRICHMENT,60.76
https://flyrank.ai/blog/page-0231,216,24.326469707755884,-0.08166230402755464,48507,0,470,Schema Missing,Inject JSON-LD Structured Data,RC03_SCHEMA_ENRICHMENT,60.67
https://flyrank.ai/blog/page-0400,642,24.54874228900575,0.031188360868307535,48467,0,2375,Schema Missing,Inject JSON-LD Structured Data,RC03_SCHEMA_ENRICHMENT,60.45
https://flyrank.ai/blog/page-0671,402,43.54529274514967,0.2178011348372804,13361,1,428,Thin / Outdated,Evaluate for Consolidation or Pruning,RC04_THIN_OR_PRUNE,60.1
https://flyrank.ai/blog/page-0271,83,24.981823218513885,0.241299835571369,45999,0,765,Schema Missing,Inject JSON-LD Structured Data,RC03_SCHEMA_ENRICHMENT,60.02
https://flyrank.ai/blog/page-0083,367,1.22696912722554,-0.015029507288415511,15549,1,3270,High-Performing Hold,Maintain & Monitor,RC05_STABLE_HOLD,28.77
https://flyrank.ai/blog/page-0688,576,1.242059065786071,-0.01870272785963209,47506,1,784,High-Performing Hold,Maintain & Monitor,RC05_STABLE_HOLD,28.76
https://flyrank.ai/blog/page-0745,335,1.282174364407957,0.004157178583580931,36555,1,1055,High-Performing Hold,Maintain & Monitor,RC05_STABLE_HOLD,28.72
https://flyrank.ai/blog/page-0777,430,1.3705808739289638,0.5484678247110607,3553,1,2423,High-Performing Hold,Maintain & Monitor,RC05_STABLE_HOLD,28.63
https://flyrank.ai/blog/page-0207,254,1.5387956042655433,0.2620883395091266,4657,1,1020,High-Performing Hold,Maintain & Monitor,RC05_STABLE_HOLD,28.46
https://flyrank.ai/blog/page-0198,642,1.9011431508258698,0.08887450408975003,43510,1,2546,High-Performing Hold,Maintain & Monitor,RC05_STABLE_HOLD,28.1
https://flyrank.ai/blog/page-0311,467,2.04220113166897,-0.04279225797725523,3651,1,2031,High-Performing Hold,Maintain & Monitor,RC05_STABLE_HOLD,27.96
https://flyrank.ai/blog/page-0187,262,2.1009961076857526,-0.0349065521238075,22004,1,2398,High-Performing Hold,Maintain & Monitor,RC05_STABLE_HOLD,27.9
https://flyrank.ai/blog/page-0463,386,2.204758906481274,-0.02249558467157904,24803,1,2960,High-Performing Hold,Maintain & Monitor,RC05_STABLE_HOLD,27.8
https://flyrank.ai/blog/page-0601,686,2.5019726080844973,0.19326345313123275,4470,1,2108,High-Performing Hold,Maintain & Monitor,RC05_STABLE_HOLD,27.5
https://flyrank.ai/blog/page-0236,432,2.527973618002949,0.10910790151214111,15623,1,777,High-Performing Hold,Maintain & Monitor,RC05_STABLE_HOLD,27.47
https://flyrank.ai/blog/page-0026,190,2.64308930205319,0.005034065285788966,42652,1,1973,High-Performing Hold,Maintain & Monitor,RC05_STABLE_HOLD,27.36
https://flyrank.ai/blog/page-0912,272,2.7718586457133436,0.046217906803614595,21739,1,3455,High-Performing Hold,Maintain & Monitor,RC05_STABLE_HOLD,27.23
https://flyrank.ai/blog/page-0664,685,2.7968999197436055,0.1867402264266624,26811,1,2166,High-Performing Hold,Maintain & Monitor,RC05_STABLE_HOLD,27.2
https://flyrank.ai/blog/page-0292,427,2.8133741010591384,0.03866834293181806,44682,1,1281,High-Performing Hold,Maintain & Monitor,RC05_STABLE_HOLD,27.19
https://flyrank.ai/blog/page-0334,128,3.0625662921817325,0.04341689190549877,20338,1,1379,High-Performing Hold,Maintain & Monitor,RC05_STABLE_HOLD,26.94
https://flyrank.ai/blog/page-0810,434,3.127214109886139,0.18497454238793934,48509,1,3438,High-Performing Hold,Maintain & Monitor,RC05_STABLE_HOLD,26.87
https://flyrank.ai/blog/page-0456,503,3.2413596568131298,-0.022307371550563254,46320,1,1641,High-Performing Hold,Maintain & Monitor,RC05_STABLE_HOLD,26.76
https://flyrank.ai/blog/page-0219,213,3.301332371977697,0.19487363730585036,17098,1,1308,High-Performing Hold,Maintain & Monitor,RC05_STABLE_HOLD,26.7
https://flyrank.ai/blog/page-0987,194,4.052298108373072,0.11204101018323481,8057,1,2381,High-Performing Hold,Maintain & Monitor,RC05_STABLE_HOLD,25.95
https://flyrank.ai/blog/page-0520,221,4.146237916681571,0.12186261145378346,37063,1,2922,High-Performing Hold,Maintain & Monitor,RC05_STABLE_HOLD,25.85
https://flyrank.ai/blog/page-0300,62,4.202460699148176,0.057721850965864546,44702,1,1884,High-Performing Hold,Maintain & Monitor,RC05_STABLE_HOLD,25.8
https://flyrank.ai/blog/page-0112,230,4.286747392032947,0.10013475246741207,23460,1,1813,High-Performing Hold,Maintain & Monitor,RC05_STABLE_HOLD,25.71
https://flyrank.ai/blog/page-0452,123,4.300179471969813,0.08220080029620208,19090,1,1719,High-Performing Hold,Maintain & Monitor,RC05_STABLE_HOLD,25.7
https://flyrank.ai/blog/page-0868,155,4.3130156160185305,-0.06720366403067782,11164,1,2221,High-Performing Hold,Maintain & Monitor,RC05_STABLE_HOLD,25.69
https://flyrank.ai/blog/page-0600,529,4.5377220399796165,-0.015282499660364879,26249,1,1075,High-Performing Hold,Maintain & Monitor,RC05_STABLE_HOLD,25.46
https://flyrank.ai/blog/page-0653,431,4.60134061917062,0.016802141189126957,40697,1,1567,High-Performing Hold,Maintain & Monitor,RC05_STABLE_HOLD,25.4
https://flyrank.ai/blog/page-0397,711,4.730412115024709,0.5231806371124614,489,1,1348,High-Performing Hold,Maintain & Monitor,RC05_STABLE_HOLD,25.27
https://flyrank.ai/blog/page-0938,147,4.965044869511357,0.15745019142930702,46013,1,979,High-Performing Hold,Maintain & Monitor,RC05_STABLE_HOLD,25.03
https://flyrank.ai/blog/page-0580,521,4.999869119498889,0.1952797249771819,1234,1,1329,High-Performing Hold,Maintain & Monitor,RC05_STABLE_HOLD,25.0
https://flyrank.ai/blog/page-0478,189,5.036671235176292,0.4805762654011928,2088,1,1222,High-Performing Hold,Maintain & Monitor,RC05_STABLE_HOLD,24.96
https://flyrank.ai/blog/page-0860,660,5.197254230225096,0.09899186504926169,36587,1,2562,High-Performing Hold,Maintain & Monitor,RC05_STABLE_HOLD,24.8
https://flyrank.ai/blog/page-0548,484,5.305458458096834,0.5800728836307354,2193,1,2971,High-Performing Hold,Maintain & Monitor,RC05_STABLE_HOLD,24.69
https://flyrank.ai/blog/page-0906,379,5.367097173684814,-0.06626979132469266,23775,1,2761,High-Performing Hold,Maintain & Monitor,RC05_STABLE_HOLD,24.63
https://flyrank.ai/blog/page-0378,541,5.482855032489988,0.20822639285784425,4273,1,3476,High-Performing Hold,Maintain & Monitor,RC05_STABLE_HOLD,24.52
https://flyrank.ai/blog/page-0890,642,5.737146032689261,0.24566982831985004,27297,1,816,High-Performing Hold,Maintain & Monitor,RC05_STABLE_HOLD,24.26
https://flyrank.ai/blog/page-0985,299,5.951244739521687,0.2205970313025,1022,1,3340,High-Performing Hold,Maintain & Monitor,RC05_STABLE_HOLD,24.05
https://flyrank.ai/blog/page-0559,513,6.123824176385613,-0.0742950462494252,19974,1,2394,High-Performing Hold,Maintain & Monitor,RC05_STABLE_HOLD,23.88
https://flyrank.ai/blog/page-0329,187,6.4132315434383385,0.08103458442162711,33972,1,2962,High-Performing Hold,Maintain & Monitor,RC05_STABLE_HOLD,23.59
https://flyrank.ai/blog/page-0673,151,6.484061350488666,-0.0016129226951474701,30549,1,2516,High-Performing Hold,Maintain & Monitor,RC05_STABLE_HOLD,23.52
https://flyrank.ai/blog/page-0071,135,6.548664246197007,-0.031123045200621896,47253,1,397,High-Performing Hold,Maintain & Monitor,RC05_STABLE_HOLD,23.45
https://flyrank.ai/blog/page-0514,405,6.7481012591573295,0.3684401840566549,1406,1,1006,High-Performing Hold,Maintain & Monitor,RC05_STABLE_HOLD,23.25
https://flyrank.ai/blog/page-0200,110,6.769803061616916,0.2487789775844175,33567,1,2847,High-Performing Hold,Maintain & Monitor,RC05_STABLE_HOLD,23.23
https://flyrank.ai/blog/page-0679,345,6.983385786491313,-0.0727027911975619,25600,1,1327,High-Performing Hold,Maintain & Monitor,RC05_STABLE_HOLD,23.02
https://flyrank.ai/blog/page-0074,585,7.1084713789600755,0.0855324998275028,44623,1,616,High-Performing Hold,Maintain & Monitor,RC05_STABLE_HOLD,22.89
https://flyrank.ai/blog/page-0515,449,7.134103817924972,0.4805007595217289,3949,1,1295,High-Performing Hold,Maintain & Monitor,RC05_STABLE_HOLD,22.87
https://flyrank.ai/blog/page-0381,500,7.3462311428574045,0.517691457885137,4869,1,767,High-Performing Hold,Maintain & Monitor,RC05_STABLE_HOLD,22.65
https://flyrank.ai/blog/page-0508,225,7.430999006436991,-0.05545136349935037,16293,1,1630,High-Performing Hold,Maintain & Monitor,RC05_STABLE_HOLD,22.57
https://flyrank.ai/blog/page-0627,30,7.446816571235731,-0.06938264938373685,38356,1,1684,High-Performing Hold,Maintain & Monitor,RC05_STABLE_HOLD,22.55
https://flyrank.ai/blog/page-0181,713,7.865545612556175,0.18883528859403662,12702,1,3411,High-Performing Hold,Maintain & Monitor,RC05_STABLE_HOLD,22.13
https://flyrank.ai/blog/page-0063,64,8.474413102798806,0.41625585162130485,592,1,572,High-Performing Hold,Maintain & Monitor,RC05_STABLE_HOLD,21.53
https://flyrank.ai/blog/page-0952,702,9.567092735760214,0.2716563748884656,1729,1,3043,High-Performing Hold,Maintain & Monitor,RC05_STABLE_HOLD,20.43
https://flyrank.ai/blog/page-0147,728,9.748688440662347,0.2230902320938529,1296,1,912,High-Performing Hold,Maintain & Monitor,RC05_STABLE_HOLD,20.25
https://flyrank.ai/blog/page-0800,701,9.89047903708572,0.42739954557987836,338,1,2741,High-Performing Hold,Maintain & Monitor,RC05_STABLE_HOLD,20.11
https://flyrank.ai/blog/page-0999,324,10.536503079217487,0.281137632960184,303,1,1660,High-Performing Hold,Maintain & Monitor,RC05_STABLE_HOLD,19.46
https://flyrank.ai/blog/page-0843,107,20.15439379937022,0.522061356185779,817,1,1162,High-Performing Hold,Maintain & Monitor,RC05_STABLE_HOLD,9.85
https://flyrank.ai/blog/page-0488,297,20.48212550017692,0.11088568253200023,14214,1,3078,High-Performing Hold,Maintain & Monitor,RC05_STABLE_HOLD,9.52
https://flyrank.ai/blog/page-0767,195,20.542316263948123,-0.023515052783265017,46413,1,2009,High-Performing Hold,Maintain & Monitor,RC05_STABLE_HOLD,9.46
https://flyrank.ai/blog/page-0126,532,20.637389982890973,0.5892688176671558,3683,1,543,High-Performing Hold,Maintain & Monitor,RC05_STABLE_HOLD,9.36
https://flyrank.ai/blog/page-0939,254,20.746028759492912,-0.05933563354375516,589,1,805,High-Performing Hold,Maintain & Monitor,RC05_STABLE_HOLD,9.25
https://flyrank.ai/blog/page-0729,30,20.93849007542066,-0.07237832697637048,39087,1,276,High-Performing Hold,Maintain & Monitor,RC05_STABLE_HOLD,9.06
https://flyrank.ai/blog/page-0175,440,21.06117095737078,0.1578166713547938,15517,1,2943,High-Performing Hold,Maintain & Monitor,RC05_STABLE_HOLD,8.94
https://flyrank.ai/blog/page-0819,102,21.14039502052853,0.10969597456771171,36513,1,977,High-Performing Hold,Maintain & Monitor,RC05_STABLE_HOLD,8.86
https://flyrank.ai/blog/page-0796,224,21.263905974742226,0.416508662993071,2020,1,379,High-Performing Hold,Maintain & Monitor,RC05_STABLE_HOLD,8.74
https://flyrank.ai/blog/page-0325,541,21.470572326199353,0.22146791431787063,38178,1,3045,High-Performing Hold,Maintain & Monitor,RC05_STABLE_HOLD,8.53
https://flyrank.ai/blog/page-0486,456,21.566638529379993,-0.09131717460587965,22725,1,2157,High-Performing Hold,Maintain & Monitor,RC05_STABLE_HOLD,8.43
https://flyrank.ai/blog/page-0326,46,21.64649311157644,-0.06363039571201212,42812,1,458,High-Performing Hold,Maintain & Monitor,RC05_STABLE_HOLD,8.35
https://flyrank.ai/blog/page-0827,136,21.76317442878938,0.10670334583356028,47997,1,3281,High-Performing Hold,Maintain & Monitor,RC05_STABLE_HOLD,8.24
https://flyrank.ai/blog/page-0066,591,21.782402893816915,0.14479226082209468,27908,1,1791,High-Performing Hold,Maintain & Monitor,RC05_STABLE_HOLD,8.22
https://flyrank.ai/blog/page-0850,341,21.981781131355124,0.0693521762208707,4334,1,1802,High-Performing Hold,Maintain & Monitor,RC05_STABLE_HOLD,8.02
https://flyrank.ai/blog/page-0658,172,22.11348865942849,0.008121823056326638,23399,1,1383,High-Performing Hold,Maintain & Monitor,RC05_STABLE_HOLD,7.89
https://flyrank.ai/blog/page-0249,327,22.306539591583565,0.24752280664870982,43984,1,2318,High-Performing Hold,Maintain & Monitor,RC05_STABLE_HOLD,7.69
https://flyrank.ai/blog/page-0261,66,22.85428287493983,0.09753095228524009,23018,1,2290,High-Performing Hold,Maintain & Monitor,RC05_STABLE_HOLD,7.15
https://flyrank.ai/blog/page-0891,547,23.068175876651072,0.17135416381895294,22110,1,915,High-Performing Hold,Maintain & Monitor,RC05_STABLE_HOLD,6.93
https://flyrank.ai/blog/page-0070,595,23.091129198802474,0.021876534733859032,27056,1,2726,High-Performing Hold,Maintain & Monitor,RC05_STABLE_HOLD,6.91
https://flyrank.ai/blog/page-0091,44,23.15867910360055,0.1049754256906753,31130,1,2835,High-Performing Hold,Maintain & Monitor,RC05_STABLE_HOLD,6.84
https://flyrank.ai/blog/page-0093,550,23.169536290501977,0.3213171127454254,719,1,1287,High-Performing Hold,Maintain & Monitor,RC05_STABLE_HOLD,6.83
https://flyrank.ai/blog/page-0975,488,23.53022076469669,0.1602175064344312,12326,1,527,High-Performing Hold,Maintain & Monitor,RC05_STABLE_HOLD,6.47
https://flyrank.ai/blog/page-0050,417,23.638284378562503,-0.053343571607517036,23073,1,1945,High-Performing Hold,Maintain & Monitor,RC05_STABLE_HOLD,6.36
https://flyrank.ai/blog/page-0119,713,24.131280310389965,0.222377648091898,41145,1,2707,High-Performing Hold,Maintain & Monitor,RC05_STABLE_HOLD,5.87
https://flyrank.ai/blog/page-0667,359,24.25691291174088,0.32404547461688327,3378,1,3150,High-Performing Hold,Maintain & Monitor,RC05_STABLE_HOLD,5.74
https://flyrank.ai/blog/page-0949,168,24.86603402212786,0.18954987244304464,40272,1,1245,High-Performing Hold,Maintain & Monitor,RC05_STABLE_HOLD,5.13
https://flyrank.ai/blog/page-0183,403,24.88412871422617,-0.09774721547700493,20684,1,2409,High-Performing Hold,Maintain & Monitor,RC05_STABLE_HOLD,5.12
https://flyrank.ai/blog/page-0947,349,43.2387096313585,-0.08647065835767928,17099,1,2958,High-Performing Hold,Maintain & Monitor,RC05_STABLE_HOLD,5.0
https://flyrank.ai/blog/page-0945,119,41.30154761808369,0.1653658340703553,39278,1,3045,High-Performing Hold,Maintain & Monitor,RC05_STABLE_HOLD,5.0
https://flyrank.ai/blog/page-0988,34,25.961684279339696,-0.05401359873194397,48664,0,3476,High-Performing Hold,Maintain & Monitor,RC05_STABLE_HOLD,5.0
https://flyrank.ai/blog/page-0253,375,35.04012707186691,0.011235717368547476,37644,0,3170,High-Performing Hold,Maintain & Monitor,RC05_STABLE_HOLD,5.0
https://flyrank.ai/blog/page-0247,180,25.279074494103725,-0.04357894037001275,23255,1,594,High-Performing Hold,Maintain & Monitor,RC05_STABLE_HOLD,5.0
https://flyrank.ai/blog/page-0260,482,47.56163033721932,-0.06006169519412199,42733,0,2839,High-Performing Hold,Maintain & Monitor,RC05_STABLE_HOLD,5.0
https://flyrank.ai/blog/page-0263,38,27.553146421539548,0.07288515935039985,19640,1,523,High-Performing Hold,Maintain & Monitor,RC05_STABLE_HOLD,5.0
https://flyrank.ai/blog/page-0265,128,36.879019434068496,0.07468233989465425,38502,0,2897,High-Performing Hold,Maintain & Monitor,RC05_STABLE_HOLD,5.0
https://flyrank.ai/blog/page-0266,688,40.52149624521104,0.09036480829004168,38678,1,2029,High-Performing Hold,Maintain & Monitor,RC05_STABLE_HOLD,5.0
https://flyrank.ai/blog/page-0268,160,34.92155166137477,0.214817889715378,22418,1,1602,High-Performing Hold,Maintain & Monitor,RC05_STABLE_HOLD,5.0
https://flyrank.ai/blog/page-0935,674,40.49034460576344,0.03945069242583715,17474,0,869,High-Performing Hold,Maintain & Monitor,RC05_STABLE_HOLD,5.0
https://flyrank.ai/blog/page-0519,486,25.088132790330405,0.20129918722469312,45900,1,3449,High-Performing Hold,Maintain & Monitor,RC05_STABLE_HOLD,5.0
https://flyrank.ai/blog/page-0521,718,29.51659869380554,0.2042171726010982,18789,0,1188,High-Performing Hold,Maintain & Monitor,RC05_STABLE_HOLD,5.0
https://flyrank.ai/blog/page-0547,294,26.36787052585086,0.09377001545391403,15696,1,3129,High-Performing Hold,Maintain & Monitor,RC05_STABLE_HOLD,5.0
https://flyrank.ai/blog/page-0014,402,31.757694600499477,-0.09151545774927472,32182,1,2410,High-Performing Hold,Maintain & Monitor,RC05_STABLE_HOLD,5.0
https://flyrank.ai/blog/page-0019,338,27.139593506839756,0.24149783074845368,8782,1,1764,High-Performing Hold,Maintain & Monitor,RC05_STABLE_HOLD,5.0
https://flyrank.ai/blog/page-0020,373,44.80073656949693,-0.023184660925747558,33940,0,1481,High-Performing Hold,Maintain & Monitor,RC05_STABLE_HOLD,5.0
https://flyrank.ai/blog/page-0986,320,34.915905743012466,0.17860370506815196,27626,0,2047,High-Performing Hold,Maintain & Monitor,RC05_STABLE_HOLD,5.0
https://flyrank.ai/blog/page-0944,30,32.40763178992127,-0.08971462794153232,36384,1,2907,High-Performing Hold,Maintain & Monitor,RC05_STABLE_HOLD,5.0
https://flyrank.ai/blog/page-0146,189,40.19588818328628,0.012050144468201088,18160,1,1919,High-Performing Hold,Maintain & Monitor,RC05_STABLE_HOLD,5.0
https://flyrank.ai/blog/page-0565,138,27.523520429752452,0.10544217624568514,24573,0,1956,High-Performing Hold,Maintain & Monitor,RC05_STABLE_HOLD,5.0
https://flyrank.ai/blog/page-0109,70,49.84683834045142,0.03822934290195609,36291,1,948,High-Performing Hold,Maintain & Monitor,RC05_STABLE_HOLD,5.0
https://flyrank.ai/blog/page-0681,569,46.75987585886734,0.17159073196280863,34900,0,2835,High-Performing Hold,Maintain & Monitor,RC05_STABLE_HOLD,5.0
https://flyrank.ai/blog/page-0683,531,25.85450562573123,-0.08365353257026986,48063,0,3285,High-Performing Hold,Maintain & Monitor,RC05_STABLE_HOLD,5.0
https://flyrank.ai/blog/page-0686,490,49.3448760249835,0.10247134038085814,31274,0,1977,High-Performing Hold,Maintain & Monitor,RC05_STABLE_HOLD,5.0
https://flyrank.ai/blog/page-0690,419,32.31687695295952,0.11977670216414696,17286,0,2405,High-Performing Hold,Maintain & Monitor,RC05_STABLE_HOLD,5.0
https://flyrank.ai/blog/page-0693,479,26.26420540038326,0.4786951518190412,2287,1,3111,High-Performing Hold,Maintain & Monitor,RC05_STABLE_HOLD,5.0
https://flyrank.ai/blog/page-0695,271,33.67634861975911,0.10188380647312198,35198,1,2749,High-Performing Hold,Maintain & Monitor,RC05_STABLE_HOLD,5.0
https://flyrank.ai/blog/page-0699,403,35.52935737409569,0.13827097297815397,32928,0,576,High-Performing Hold,Maintain & Monitor,RC05_STABLE_HOLD,5.0
https://flyrank.ai/blog/page-0701,175,33.99818923292095,0.007901530224940959,14487,0,2956,High-Performing Hold,Maintain & Monitor,RC05_STABLE_HOLD,5.0
https://flyrank.ai/blog/page-0238,540,30.158818604312486,0.0815077312060416,20091,1,3138,High-Performing Hold,Maintain & Monitor,RC05_STABLE_HOLD,5.0
https://flyrank.ai/blog/page-0994,630,26.82503173167093,-0.059508885386987585,47163,1,692,High-Performing Hold,Maintain & Monitor,RC05_STABLE_HOLD,5.0
https://flyrank.ai/blog/page-0011,360,31.587661799785614,-0.0040232059897006706,46573,1,1887,High-Performing Hold,Maintain & Monitor,RC05_STABLE_HOLD,5.0
https://flyrank.ai/blog/page-0933,202,44.020741701808404,0.17659163532805225,28147,1,1787,High-Performing Hold,Maintain & Monitor,RC05_STABLE_HOLD,5.0
https://flyrank.ai/blog/page-0974,405,39.25731771735355,0.14366691521780164,37202,1,1465,High-Performing Hold,Maintain & Monitor,RC05_STABLE_HOLD,5.0
https://flyrank.ai/blog/page-0712,128,25.361563436412936,0.08917338449154827,1300,1,3170,High-Performing Hold,Maintain & Monitor,RC05_STABLE_HOLD,5.0
https://flyrank.ai/blog/page-0442,105,48.186608189090734,0.11371747368771187,39129,1,2274,High-Performing Hold,Maintain & Monitor,RC05_STABLE_HOLD,5.0
https://flyrank.ai/blog/page-0444,685,31.99847276356346,-0.07676745180630165,31902,0,632,High-Performing Hold,Maintain & Monitor,RC05_STABLE_HOLD,5.0
https://flyrank.ai/blog/page-0445,464,46.66937716999085,0.11276248086850665,19588,0,2506,High-Performing Hold,Maintain & Monitor,RC05_STABLE_HOLD,5.0
https://flyrank.ai/blog/page-0457,461,43.70530350146644,0.21293888066449776,46263,0,1590,High-Performing Hold,Maintain & Monitor,RC05_STABLE_HOLD,5.0
https://flyrank.ai/blog/page-0458,370,48.70095948969245,0.22225078984134836,3865,1,664,High-Performing Hold,Maintain & Monitor,RC05_STABLE_HOLD,5.0
https://flyrank.ai/blog/page-0159,360,44.92045510753487,0.03161731423079128,28582,0,2912,High-Performing Hold,Maintain & Monitor,RC05_STABLE_HOLD,5.0
https://flyrank.ai/blog/page-0624,505,31.525362594610655,0.10652849535790934,24270,0,3449,High-Performing Hold,Maintain & Monitor,RC05_STABLE_HOLD,5.0
https://flyrank.ai/blog/page-0625,485,31.946450784533507,0.24020034565832207,8124,0,2829,High-Performing Hold,Maintain & Monitor,RC05_STABLE_HOLD,5.0
https://flyrank.ai/blog/page-0628,416,36.07542326942234,-0.01389769341337807,20511,1,1089,High-Performing Hold,Maintain & Monitor,RC05_STABLE_HOLD,5.0
https://flyrank.ai/blog/page-0124,34,26.695123197051423,0.02420013862879479,18120,1,1441,High-Performing Hold,Maintain & Monitor,RC05_STABLE_HOLD,5.0
https://flyrank.ai/blog/page-0130,44,43.22749542966235,-0.007789858581806669,43278,0,2959,High-Performing Hold,Maintain & Monitor,RC05_STABLE_HOLD,5.0
https://flyrank.ai/blog/page-0530,724,30.401006857845882,0.06620342786236438,37625,0,1111,High-Performing Hold,Maintain & Monitor,RC05_STABLE_HOLD,5.0
https://flyrank.ai/blog/page-0532,308,35.05411242020058,-0.027042638034156644,48094,0,1248,High-Performing Hold,Maintain & Monitor,RC05_STABLE_HOLD,5.0
https://flyrank.ai/blog/page-0533,246,43.145997462271026,0.16915792935136878,34139,1,2622,High-Performing Hold,Maintain & Monitor,RC05_STABLE_HOLD,5.0
https://flyrank.ai/blog/page-0721,594,33.2853880414002,0.18124516045802694,48214,1,2342,High-Performing Hold,Maintain & Monitor,RC05_STABLE_HOLD,5.0
https://flyrank.ai/blog/page-0723,487,32.91041587503311,0.5162203335042489,761,0,1552,High-Performing Hold,Maintain & Monitor,RC05_STABLE_HOLD,5.0
https://flyrank.ai/blog/page-0728,486,48.881535026844546,0.176596420285023,10804,1,1317,High-Performing Hold,Maintain & Monitor,RC05_STABLE_HOLD,5.0
https://flyrank.ai/blog/page-0730,80,43.6669190665257,0.23288222624077862,24627,1,3091,High-Performing Hold,Maintain & Monitor,RC05_STABLE_HOLD,5.0
https://flyrank.ai/blog/page-0429,542,25.865918954280975,-0.011614680904848101,212,0,2004,High-Performing Hold,Maintain & Monitor,RC05_STABLE_HOLD,5.0
https://flyrank.ai/blog/page-0433,589,49.07812272334375,-0.05125119628631599,26600,1,3408,High-Performing Hold,Maintain & Monitor,RC05_STABLE_HOLD,5.0
https://flyrank.ai/blog/page-0434,630,31.95886282381675,0.02241700602317155,32126,0,1396,High-Performing Hold,Maintain & Monitor,RC05_STABLE_HOLD,5.0
https://flyrank.ai/blog/page-0436,266,32.06627945188096,0.0590256899164604,1524,0,1571,High-Performing Hold,Maintain & Monitor,RC05_STABLE_HOLD,5.0
https://flyrank.ai/blog/page-0438,218,39.21242436240603,0.0954932619180873,10908,1,939,High-Performing Hold,Maintain & Monitor,RC05_STABLE_HOLD,5.0
https://flyrank.ai/blog/page-0732,475,28.783796788346724,0.05942481527224669,47617,0,3272,High-Performing Hold,Maintain & Monitor,RC05_STABLE_HOLD,5.0
https://flyrank.ai/blog/page-0737,124,33.71207589261565,0.5089784117533794,1800,1,1492,High-Performing Hold,Maintain & Monitor,RC05_STABLE_HOLD,5.0
https://flyrank.ai/blog/page-0706,92,43.538970464497766,0.20830894521869678,46993,0,1354,High-Performing Hold,Maintain & Monitor,RC05_STABLE_HOLD,5.0
https://flyrank.ai/blog/page-0708,718,34.93867165908206,0.08153442812196612,44995,1,2949,High-Performing Hold,Maintain & Monitor,RC05_STABLE_HOLD,5.0
https://flyrank.ai/blog/page-0709,490,42.0676491927574,0.03623668569341035,48616,0,2111,High-Performing Hold,Maintain & Monitor,RC05_STABLE_HOLD,5.0
https://flyrank.ai/blog/page-0710,639,47.28609675422714,-0.05964669246068259,26247,1,1423,High-Performing Hold,Maintain & Monitor,RC05_STABLE_HOLD,5.0
https://flyrank.ai/blog/page-0711,134,34.47915338619264,0.13971358518429933,38989,0,3097,High-Performing Hold,Maintain & Monitor,RC05_STABLE_HOLD,5.0
https://flyrank.ai/blog/page-0702,253,48.52569025925625,0.2875980397506078,4027,1,251,High-Performing Hold,Maintain & Monitor,RC05_STABLE_HOLD,5.0
https://flyrank.ai/blog/page-0096,677,25.42002086423451,0.4682388516630963,3742,1,1701,High-Performing Hold,Maintain & Monitor,RC05_STABLE_HOLD,5.0
https://flyrank.ai/blog/page-0180,263,38.41668391382828,0.1740679887244805,30061,0,2830,High-Performing Hold,Maintain & Monitor,RC05_STABLE_HOLD,5.0
https://flyrank.ai/blog/page-0407,225,44.05286933140274,0.4751458283973301,1581,1,1076,High-Performing Hold,Maintain & Monitor,RC05_STABLE_HOLD,5.0
https://flyrank.ai/blog/page-0408,379,40.073875058739475,0.22148563802124968,3831,0,1601,High-Performing Hold,Maintain & Monitor,RC05_STABLE_HOLD,5.0
https://flyrank.ai/blog/page-0409,76,33.26413989826285,0.1504587857278092,16935,1,2476,High-Performing Hold,Maintain & Monitor,RC05_STABLE_HOLD,5.0
https://flyrank.ai/blog/page-0410,685,42.678504725617856,0.2459487130752099,27898,0,2061,High-Performing Hold,Maintain & Monitor,RC05_STABLE_HOLD,5.0
https://flyrank.ai/blog/page-0412,399,35.70978585903671,0.1346456331596109,19577,1,1332,High-Performing Hold,Maintain & Monitor,RC05_STABLE_HOLD,5.0
https://flyrank.ai/blog/page-0413,665,42.01365308981993,0.021633115195020647,17366,1,1600,High-Performing Hold,Maintain & Monitor,RC05_STABLE_HOLD,5.0
https://flyrank.ai/blog/page-0416,688,31.31195753254403,-0.029553765033526677,43626,1,2966,High-Performing Hold,Maintain & Monitor,RC05_STABLE_HOLD,5.0
https://flyrank.ai/blog/page-0419,633,44.16266720074749,0.1435589881075166,11989,1,1585,High-Performing Hold,Maintain & Monitor,RC05_STABLE_HOLD,5.0
https://flyrank.ai/blog/page-0420,87,43.72033285951637,0.2152456852337888,24435,0,957,High-Performing Hold,Maintain & Monitor,RC05_STABLE_HOLD,5.0
https://flyrank.ai/blog/page-0715,434,28.959877585302653,0.14309392732135526,11187,1,1000,High-Performing Hold,Maintain & Monitor,RC05_STABLE_HOLD,5.0
https://flyrank.ai/blog/page-0717,505,46.61648607984191,-0.0025623090580131624,23508,0,3379,High-Performing Hold,Maintain & Monitor,RC05_STABLE_HOLD,5.0
https://flyrank.ai/blog/page-0718,674,34.7868108005465,0.21083062444154202,39840,0,1471,High-Performing Hold,Maintain & Monitor,RC05_STABLE_HOLD,5.0
https://flyrank.ai/blog/page-0719,466,34.14915590308508,0.3383640249947446,236,0,2508,High-Performing Hold,Maintain & Monitor,RC05_STABLE_HOLD,5.0
https://flyrank.ai/blog/page-0153,603,42.929126937208004,0.18104602110290177,25342,0,1431,High-Performing Hold,Maintain & Monitor,RC05_STABLE_HOLD,5.0
https://flyrank.ai/blog/page-0154,675,41.680773363782585,0.46004967808941166,2276,0,1862,High-Performing Hold,Maintain & Monitor,RC05_STABLE_HOLD,5.0
https://flyrank.ai/blog/page-0655,262,26.468923479244864,-0.0001840991426639016,46318,1,2768,High-Performing Hold,Maintain & Monitor,RC05_STABLE_HOLD,5.0
https://flyrank.ai/blog/page-0657,555,41.61528492824787,0.14211422251650016,13616,1,1480,High-Performing Hold,Maintain & Monitor,RC05_STABLE_HOLD,5.0
https://flyrank.ai/blog/page-0665,500,37.083698738216384,0.11785224654437548,8103,1,3194,High-Performing Hold,Maintain & Monitor,RC05_STABLE_HOLD,5.0
https://flyrank.ai/blog/page-0742,703,41.073876592576056,0.09303729777594985,32215,1,2163,High-Performing Hold,Maintain & Monitor,RC05_STABLE_HOLD,5.0
https://flyrank.ai/blog/page-0757,464,33.7424271291958,0.2446278360008273,31235,0,2812,High-Performing Hold,Maintain & Monitor,RC05_STABLE_HOLD,5.0
https://flyrank.ai/blog/page-0761,127,43.303348829019434,0.18530894600167183,21213,0,3364,High-Performing Hold,Maintain & Monitor,RC05_STABLE_HOLD,5.0
https://flyrank.ai/blog/page-0401,293,30.027981448316364,0.5007239372100147,1955,0,3244,High-Performing Hold,Maintain & Monitor,RC05_STABLE_HOLD,5.0
https://flyrank.ai/blog/page-0405,34,28.72086623579376,0.12004507922862384,5086,0,1457,High-Performing Hold,Maintain & Monitor,RC05_STABLE_HOLD,5.0
https://flyrank.ai/blog/page-0167,414,44.74091384277177,0.04173639211566618,20413,1,929,High-Performing Hold,Maintain & Monitor,RC05_STABLE_HOLD,5.0
https://flyrank.ai/blog/page-0172,288,29.92445218322558,0.1139229508431504,10295,1,1705,High-Performing Hold,Maintain & Monitor,RC05_STABLE_HOLD,5.0
https://flyrank.ai/blog/page-0174,485,31.583296484607565,0.5974340363390731,1205,0,2644,High-Performing Hold,Maintain & Monitor,RC05_STABLE_HOLD,5.0
https://flyrank.ai/blog/page-0738,101,40.58445115512167,-0.008543359323575972,28346,0,434,High-Performing Hold,Maintain & Monitor,RC05_STABLE_HOLD,5.0
https://flyrank.ai/blog/page-0740,183,40.09286879407309,-0.012625430223206197,23299,0,3451,High-Performing Hold,Maintain & Monitor,RC05_STABLE_HOLD,5.0
https://flyrank.ai/blog/page-0774,162,47.8206611017918,0.21382333875859552,49398,0,919,High-Performing Hold,Maintain & Monitor,RC05_STABLE_HOLD,5.0
https://flyrank.ai/blog/page-0778,359,32.72626099357555,-0.08661873389916519,37375,1,3253,High-Performing Hold,Maintain & Monitor,RC05_STABLE_HOLD,5.0
https://flyrank.ai/blog/page-0779,537,45.00349689854936,0.23379042782247192,43470,1,3418,High-Performing Hold,Maintain & Monitor,RC05_STABLE_HOLD,5.0
https://flyrank.ai/blog/page-0385,80,40.66628766151903,0.19243268549256978,23355,0,2582,High-Performing Hold,Maintain & Monitor,RC05_STABLE_HOLD,5.0
https://flyrank.ai/blog/page-0392,343,36.447585570740664,0.013563384047735536,38155,0,2628,High-Performing Hold,Maintain & Monitor,RC05_STABLE_HOLD,5.0
https://flyrank.ai/blog/page-0393,599,25.297911018859768,-0.09117473601696868,10678,1,3436,High-Performing Hold,Maintain & Monitor,RC05_STABLE_HOLD,5.0
https://flyrank.ai/blog/page-0098,92,45.827449152336904,-0.010332977543659999,34164,1,2530,High-Performing Hold,Maintain & Monitor,RC05_STABLE_HOLD,5.0
https://flyrank.ai/blog/page-0101,622,31.980950108056987,0.05723092829069634,24920,1,3236,High-Performing Hold,Maintain & Monitor,RC05_STABLE_HOLD,5.0
https://flyrank.ai/blog/page-0485,720,47.23718008821235,0.06932567978118728,45933,0,1529,High-Performing Hold,Maintain & Monitor,RC05_STABLE_HOLD,5.0
https://flyrank.ai/blog/page-0487,642,32.28777143554019,0.22813757582515407,32188,1,1002,High-Performing Hold,Maintain & Monitor,RC05_STABLE_HOLD,5.0
https://flyrank.ai/blog/page-0668,387,42.36435199949066,0.155215609738278,7396,1,3007,High-Performing Hold,Maintain & Monitor,RC05_STABLE_HOLD,5.0
https://flyrank.ai/blog/page-0669,437,40.4778374945526,0.052524787978493054,25498,0,2206,High-Performing Hold,Maintain & Monitor,RC05_STABLE_HOLD,5.0
https://flyrank.ai/blog/page-0103,704,33.51333122881882,0.20245381806093718,5466,1,3023,High-Performing Hold,Maintain & Monitor,RC05_STABLE_HOLD,5.0
https://flyrank.ai/blog/page-0468,252,34.481473453718756,0.09602613068534258,15266,1,3400,High-Performing Hold,Maintain & Monitor,RC05_STABLE_HOLD,5.0
https://flyrank.ai/blog/page-0152,586,36.391079660927296,-0.030575330288948877,19802,0,1625,High-Performing Hold,Maintain & Monitor,RC05_STABLE_HOLD,5.0
https://flyrank.ai/blog/page-0592,58,28.21281399594393,0.08032505423360528,27686,0,1226,High-Performing Hold,Maintain & Monitor,RC05_STABLE_HOLD,5.0
https://flyrank.ai/blog/page-0783,479,46.787365313470204,-0.005895409414314712,19844,0,2092,High-Performing Hold,Maintain & Monitor,RC05_STABLE_HOLD,5.0
https://flyrank.ai/blog/page-0075,191,46.121252248251245,-0.08533852727836104,42665,0,3147,High-Performing Hold,Maintain & Monitor,RC05_STABLE_HOLD,5.0
https://flyrank.ai/blog/page-0076,231,43.62492174104428,-0.042479832766500865,28428,1,1339,High-Performing Hold,Maintain & Monitor,RC05_STABLE_HOLD,5.0
https://flyrank.ai/blog/page-0078,300,29.972496351501533,0.10681134423419417,12967,1,3110,High-Performing Hold,Maintain & Monitor,RC05_STABLE_HOLD,5.0
https://flyrank.ai/blog/page-0360,184,39.19963920477091,0.45853991173112585,274,1,3242,High-Performing Hold,Maintain & Monitor,RC05_STABLE_HOLD,5.0
https://flyrank.ai/blog/page-0364,422,44.305508363207856,0.010568375984743597,12212,0,2764,High-Performing Hold,Maintain & Monitor,RC05_STABLE_HOLD,5.0
https://flyrank.ai/blog/page-0370,567,35.10501028463582,0.09383314116446623,7719,1,1964,High-Performing Hold,Maintain & Monitor,RC05_STABLE_HOLD,5.0
https://flyrank.ai/blog/page-0372,554,40.97582312454027,-0.0015019303658691252,41428,0,2892,High-Performing Hold,Maintain & Monitor,RC05_STABLE_HOLD,5.0
https://flyrank.ai/blog/page-0377,350,29.424224184052747,0.006472998255591,19019,0,1280,High-Performing Hold,Maintain & Monitor,RC05_STABLE_HOLD,5.0
https://flyrank.ai/blog/page-0082,325,40.339818981302564,0.043981083536888566,7966,1,744,High-Performing Hold,Maintain & Monitor,RC05_STABLE_HOLD,5.0
https://flyrank.ai/blog/page-0176,678,28.05031186174703,0.21402744166817975,24829,0,1620,High-Performing Hold,Maintain & Monitor,RC05_STABLE_HOLD,5.0
https://flyrank.ai/blog/page-0769,364,27.146524789617043,0.20740487164362378,26929,1,3424,High-Performing Hold,Maintain & Monitor,RC05_STABLE_HOLD,5.0
https://flyrank.ai/blog/page-0771,135,38.47927981556428,0.5251631436367904,3730,0,2880,High-Performing Hold,Maintain & Monitor,RC05_STABLE_HOLD,5.0
https://flyrank.ai/blog/page-0772,592,40.83630119708858,-0.05627968446665,47961,1,3411,High-Performing Hold,Maintain & Monitor,RC05_STABLE_HOLD,5.0
https://flyrank.ai/blog/page-0352,595,47.19385693262116,0.4429282956477292,1463,1,2513,High-Performing Hold,Maintain & Monitor,RC05_STABLE_HOLD,5.0
https://flyrank.ai/blog/page-0354,352,30.779102949064097,0.04263652138938234,35160,0,3336,High-Performing Hold,Maintain & Monitor,RC05_STABLE_HOLD,5.0
https://flyrank.ai/blog/page-0398,83,42.709138788389666,-0.044415390749879345,33867,1,1439,High-Performing Hold,Maintain & Monitor,RC05_STABLE_HOLD,5.0
https://flyrank.ai/blog/page-0604,246,43.54535276501065,-0.043873990142667595,43426,1,395,High-Performing Hold,Maintain & Monitor,RC05_STABLE_HOLD,5.0
https://flyrank.ai/blog/page-0605,330,36.63128441854909,0.14833990428518892,15024,1,1891,High-Performing Hold,Maintain & Monitor,RC05_STABLE_HOLD,5.0
https://flyrank.ai/blog/page-0610,474,49.394828623066836,0.31556255384597687,969,0,1341,High-Performing Hold,Maintain & Monitor,RC05_STABLE_HOLD,5.0
https://flyrank.ai/blog/page-0612,196,43.48454330999998,0.34526723248667945,1114,1,301,High-Performing Hold,Maintain & Monitor,RC05_STABLE_HOLD,5.0
https://flyrank.ai/blog/page-0617,480,43.797738666001365,-0.015609108517416842,33558,0,2771,High-Performing Hold,Maintain & Monitor,RC05_STABLE_HOLD,5.0
https://flyrank.ai/blog/page-0621,667,30.02516610107475,-0.0005040133445796402,23724,1,1704,High-Performing Hold,Maintain & Monitor,RC05_STABLE_HOLD,5.0
https://flyrank.ai/blog/page-0622,87,45.70580393521786,-0.09180537248836716,43616,1,2117,High-Performing Hold,Maintain & Monitor,RC05_STABLE_HOLD,5.0
https://flyrank.ai/blog/page-0148,272,32.98455928474186,-0.09346786612103469,12397,1,876,High-Performing Hold,Maintain & Monitor,RC05_STABLE_HOLD,5.0
https://flyrank.ai/blog/page-0534,302,39.21269845577414,0.24136694803488504,1913,1,3390,High-Performing Hold,Maintain & Monitor,RC05_STABLE_HOLD,5.0
https://flyrank.ai/blog/page-0541,206,25.44551951911645,-0.050347448706358607,17300,1,1986,High-Performing Hold,Maintain & Monitor,RC05_STABLE_HOLD,5.0
https://flyrank.ai/blog/page-0542,641,31.289630981587838,0.07807410658929287,182,1,3006,High-Performing Hold,Maintain & Monitor,RC05_STABLE_HOLD,5.0
https://flyrank.ai/blog/page-0543,425,35.42078355666109,0.15329716524359707,2020,0,1699,High-Performing Hold,Maintain & Monitor,RC05_STABLE_HOLD,5.0
https://flyrank.ai/blog/page-0544,474,28.42278549085879,0.2307453485045595,40685,1,2107,High-Performing Hold,Maintain & Monitor,RC05_STABLE_HOLD,5.0
https://flyrank.ai/blog/page-0811,542,32.0244174041071,-0.053793109101830903,6260,1,3487,High-Performing Hold,Maintain & Monitor,RC05_STABLE_HOLD,5.0
https://flyrank.ai/blog/page-0813,262,30.47897918717023,-0.02230133084607963,5226,1,678,High-Performing Hold,Maintain & Monitor,RC05_STABLE_HOLD,5.0
https://flyrank.ai/blog/page-0818,107,30.938068453698595,0.2658036195357216,292,1,2954,High-Performing Hold,Maintain & Monitor,RC05_STABLE_HOLD,5.0
https://flyrank.ai/blog/page-0820,278,42.153203840469295,-0.04619654730668555,12916,1,2526,High-Performing Hold,Maintain & Monitor,RC05_STABLE_HOLD,5.0
https://flyrank.ai/blog/page-0824,268,39.24575024694923,-0.06484179197521837,36568,0,1138,High-Performing Hold,Maintain & Monitor,RC05_STABLE_HOLD,5.0
https://flyrank.ai/blog/page-0826,379,41.308101607170244,0.18201129784284595,10755,1,1591,High-Performing Hold,Maintain & Monitor,RC05_STABLE_HOLD,5.0
https://flyrank.ai/blog/page-0336,309,49.39839709706555,0.5157072984660704,2014,0,2995,High-Performing Hold,Maintain & Monitor,RC05_STABLE_HOLD,5.0
https://flyrank.ai/blog/page-0339,331,34.30271685196042,0.21586754092669166,25682,0,3183,High-Performing Hold,Maintain & Monitor,RC05_STABLE_HOLD,5.0
https://flyrank.ai/blog/page-0234,378,36.896032763302266,0.09114956698096868,14370,0,972,High-Performing Hold,Maintain & Monitor,RC05_STABLE_HOLD,5.0
https://flyrank.ai/blog/page-0790,124,40.34826899380051,-0.09379570042057178,8740,0,916,High-Performing Hold,Maintain & Monitor,RC05_STABLE_HOLD,5.0
https://flyrank.ai/blog/page-0794,725,36.091383036936485,0.10623357744233519,5718,1,747,High-Performing Hold,Maintain & Monitor,RC05_STABLE_HOLD,5.0
https://flyrank.ai/blog/page-0799,122,34.37477484428416,-4.7988894129880055e-06,12307,0,2310,High-Performing Hold,Maintain & Monitor,RC05_STABLE_HOLD,5.0
https://flyrank.ai/blog/page-0806,495,48.18341688664141,-0.037976700221224666,28064,0,2834,High-Performing Hold,Maintain & Monitor,RC05_STABLE_HOLD,5.0
https://flyrank.ai/blog/page-0193,297,41.91158160316566,0.29303921157166657,2971,1,1810,High-Performing Hold,Maintain & Monitor,RC05_STABLE_HOLD,5.0
https://flyrank.ai/blog/page-0342,128,39.53090570636205,-0.08098280514210814,33034,1,574,High-Performing Hold,Maintain & Monitor,RC05_STABLE_HOLD,5.0
https://flyrank.ai/blog/page-0348,285,31.05715807132468,-0.026168410030358608,19008,0,1143,High-Performing Hold,Maintain & Monitor,RC05_STABLE_HOLD,5.0
https://flyrank.ai/blog/page-0646,232,33.18009656252332,0.12320677282479717,38606,0,2234,High-Performing Hold,Maintain & Monitor,RC05_STABLE_HOLD,5.0
https://flyrank.ai/blog/page-0648,705,38.90018315864343,0.1598206964063393,26034,1,3479,High-Performing Hold,Maintain & Monitor,RC05_STABLE_HOLD,5.0
https://flyrank.ai/blog/page-0511,522,31.215865411516162,-0.019546902058303228,48121,1,3414,High-Performing Hold,Maintain & Monitor,RC05_STABLE_HOLD,5.0
https://flyrank.ai/blog/page-0512,104,40.03032725783264,-0.03429990062365067,16294,1,589,High-Performing Hold,Maintain & Monitor,RC05_STABLE_HOLD,5.0
https://flyrank.ai/blog/page-0189,142,27.540076518382477,0.23668102292028662,34640,1,1877,High-Performing Hold,Maintain & Monitor,RC05_STABLE_HOLD,5.0
https://flyrank.ai/blog/page-0828,77,33.70994506528205,0.06266902613923347,30175,0,3133,High-Performing Hold,Maintain & Monitor,RC05_STABLE_HOLD,5.0
https://flyrank.ai/blog/page-0832,286,29.743814695598232,0.18357188616929646,42156,1,2665,High-Performing Hold,Maintain & Monitor,RC05_STABLE_HOLD,5.0
https://flyrank.ai/blog/page-0835,282,43.2770567996182,0.2335058904406541,14771,1,3251,High-Performing Hold,Maintain & Monitor,RC05_STABLE_HOLD,5.0
https://flyrank.ai/blog/page-0840,555,30.747607768350257,0.1504698588794842,6873,0,1174,High-Performing Hold,Maintain & Monitor,RC05_STABLE_HOLD,5.0
https://flyrank.ai/blog/page-0845,415,25.341576084099298,0.21454481942774942,4534,1,1827,High-Performing Hold,Maintain & Monitor,RC05_STABLE_HOLD,5.0
https://flyrank.ai/blog/page-0315,306,40.1403785529096,0.5619887029001976,2932,0,2081,High-Performing Hold,Maintain & Monitor,RC05_STABLE_HOLD,5.0
https://flyrank.ai/blog/page-0318,510,38.59222615762522,0.22360689270042503,23063,1,1424,High-Performing Hold,Maintain & Monitor,RC05_STABLE_HOLD,5.0
https://flyrank.ai/blog/page-0322,576,43.8101785951306,-0.05640882588268008,11208,0,2386,High-Performing Hold,Maintain & Monitor,RC05_STABLE_HOLD,5.0
https://flyrank.ai/blog/page-0324,78,38.64539727936139,0.4644825320629876,2900,1,1037,High-Performing Hold,Maintain & Monitor,RC05_STABLE_HOLD,5.0
https://flyrank.ai/blog/page-0808,711,40.493634938982744,-0.04564546572987646,37258,1,2473,High-Performing Hold,Maintain & Monitor,RC05_STABLE_HOLD,5.0
https://flyrank.ai/blog/page-0809,563,27.961100565656828,0.18528012172270156,19171,1,676,High-Performing Hold,Maintain & Monitor,RC05_STABLE_HOLD,5.0
https://flyrank.ai/blog/page-0851,36,36.16229051725063,0.39976684275461283,3864,1,2370,High-Performing Hold,Maintain & Monitor,RC05_STABLE_HOLD,5.0
https://flyrank.ai/blog/page-0856,303,36.492602039308316,1.3172937588193379e-05,23285,0,3316,High-Performing Hold,Maintain & Monitor,RC05_STABLE_HOLD,5.0
https://flyrank.ai/blog/page-0861,514,44.81535285854179,-0.006320145900214819,2681,0,3400,High-Performing Hold,Maintain & Monitor,RC05_STABLE_HOLD,5.0
https://flyrank.ai/blog/page-0869,566,40.217468883295716,0.09331869047462962,11412,1,2835,High-Performing Hold,Maintain & Monitor,RC05_STABLE_HOLD,5.0
https://flyrank.ai/blog/page-0054,271,25.788545265338833,0.2585553445688721,2032,1,3289,High-Performing Hold,Maintain & Monitor,RC05_STABLE_HOLD,5.0
https://flyrank.ai/blog/page-0057,369,43.73407153826342,-0.04064558876793776,30822,1,2778,High-Performing Hold,Maintain & Monitor,RC05_STABLE_HOLD,5.0
https://flyrank.ai/blog/page-0059,396,28.69152599587124,-0.04954096480092865,38505,1,1063,High-Performing Hold,Maintain & Monitor,RC05_STABLE_HOLD,5.0
https://flyrank.ai/blog/page-0185,637,40.19290754141844,0.14884510730895015,34781,1,3498,High-Performing Hold,Maintain & Monitor,RC05_STABLE_HOLD,5.0
https://flyrank.ai/blog/page-0490,446,49.214904750031586,0.10806646539603201,38501,0,795,High-Performing Hold,Maintain & Monitor,RC05_STABLE_HOLD,5.0
https://flyrank.ai/blog/page-0500,528,48.44147796782136,-0.04472158646641998,31049,1,1750,High-Performing Hold,Maintain & Monitor,RC05_STABLE_HOLD,5.0
https://flyrank.ai/blog/page-0503,634,39.053245786795344,-0.07573081329146168,2700,0,799,High-Performing Hold,Maintain & Monitor,RC05_STABLE_HOLD,5.0
https://flyrank.ai/blog/page-0165,219,29.569036487514918,-0.07528205154183265,3796,0,3409,High-Performing Hold,Maintain & Monitor,RC05_STABLE_HOLD,5.0
https://flyrank.ai/blog/page-0479,504,34.344465801660945,0.09706483889045095,48309,1,1634,High-Performing Hold,Maintain & Monitor,RC05_STABLE_HOLD,5.0
https://flyrank.ai/blog/page-0635,438,25.121614965953704,0.20095175417310365,12955,0,1200,High-Performing Hold,Maintain & Monitor,RC05_STABLE_HOLD,5.0
https://flyrank.ai/blog/page-0637,163,43.66674516235306,0.09276682197879296,35685,1,823,High-Performing Hold,Maintain & Monitor,RC05_STABLE_HOLD,5.0
https://flyrank.ai/blog/page-0639,585,26.22605034255482,0.4522896119445553,4558,0,1238,High-Performing Hold,Maintain & Monitor,RC05_STABLE_HOLD,5.0
https://flyrank.ai/blog/page-0561,180,35.61731059785816,0.1372024545371261,29138,1,465,High-Performing Hold,Maintain & Monitor,RC05_STABLE_HOLD,5.0
https://flyrank.ai/blog/page-0563,598,46.874400065940804,0.30043405035851056,3776,0,2422,High-Performing Hold,Maintain & Monitor,RC05_STABLE_HOLD,5.0
https://flyrank.ai/blog/page-0971,347,32.859853527509514,0.10531602754639527,47265,1,487,High-Performing Hold,Maintain & Monitor,RC05_STABLE_HOLD,5.0
https://flyrank.ai/blog/page-0061,457,46.20246967768749,-0.09152406733557879,43627,1,1243,High-Performing Hold,Maintain & Monitor,RC05_STABLE_HOLD,5.0
https://flyrank.ai/blog/page-0064,235,29.238129648173846,0.1472759859514449,27982,1,3219,High-Performing Hold,Maintain & Monitor,RC05_STABLE_HOLD,5.0
https://flyrank.ai/blog/page-0065,110,30.72903727275994,0.10757490690135865,8911,1,1153,High-Performing Hold,Maintain & Monitor,RC05_STABLE_HOLD,5.0
https://flyrank.ai/blog/page-0297,224,35.11815001802885,0.14465446046077313,2808,0,1239,High-Performing Hold,Maintain & Monitor,RC05_STABLE_HOLD,5.0
https://flyrank.ai/blog/page-0299,669,36.51357180490931,0.005872780114454176,15188,0,2564,High-Performing Hold,Maintain & Monitor,RC05_STABLE_HOLD,5.0
https://flyrank.ai/blog/page-0303,499,39.745435077109214,0.29285595179776747,3373,0,625,High-Performing Hold,Maintain & Monitor,RC05_STABLE_HOLD,5.0
https://flyrank.ai/blog/page-0305,51,31.668677445413447,-0.019661789691547776,37406,1,798,High-Performing Hold,Maintain & Monitor,RC05_STABLE_HOLD,5.0
https://flyrank.ai/blog/page-0312,312,43.86038196152577,0.2208104490700595,12397,1,821,High-Performing Hold,Maintain & Monitor,RC05_STABLE_HOLD,5.0
https://flyrank.ai/blog/page-0313,56,26.91791956733339,0.23928740099103288,43833,0,1040,High-Performing Hold,Maintain & Monitor,RC05_STABLE_HOLD,5.0
https://flyrank.ai/blog/page-0314,255,47.01431722713191,0.01604217811429301,27228,0,1888,High-Performing Hold,Maintain & Monitor,RC05_STABLE_HOLD,5.0
https://flyrank.ai/blog/page-0069,419,46.35285713243204,0.029636897507227533,6574,0,2903,High-Performing Hold,Maintain & Monitor,RC05_STABLE_HOLD,5.0
https://flyrank.ai/blog/page-0327,201,37.14153277785568,0.45039473956882314,2710,0,742,High-Performing Hold,Maintain & Monitor,RC05_STABLE_HOLD,5.0
https://flyrank.ai/blog/page-0848,555,35.06208314833209,-0.04975693564144089,29200,1,806,High-Performing Hold,Maintain & Monitor,RC05_STABLE_HOLD,5.0
https://flyrank.ai/blog/page-0881,257,36.80187500172306,0.11934354230960018,44864,1,1036,High-Performing Hold,Maintain & Monitor,RC05_STABLE_HOLD,5.0
https://flyrank.ai/blog/page-0884,63,28.55254397801758,0.20367219370357062,49254,1,2885,High-Performing Hold,Maintain & Monitor,RC05_STABLE_HOLD,5.0
https://flyrank.ai/blog/page-0212,82,30.425326161249014,-0.03797969922426795,47957,1,395,High-Performing Hold,Maintain & Monitor,RC05_STABLE_HOLD,5.0
https://flyrank.ai/blog/page-0213,713,33.58679705276652,0.05442836689784786,36048,1,2233,High-Performing Hold,Maintain & Monitor,RC05_STABLE_HOLD,5.0
https://flyrank.ai/blog/page-0280,283,45.85892658181405,-0.08472362225715735,35617,1,2162,High-Performing Hold,Maintain & Monitor,RC05_STABLE_HOLD,5.0
https://flyrank.ai/blog/page-0285,128,48.58185401310302,-0.06341948449978338,16689,1,1931,High-Performing Hold,Maintain & Monitor,RC05_STABLE_HOLD,5.0
https://flyrank.ai/blog/page-0286,182,47.269057966558265,0.19315532335191296,23836,1,872,High-Performing Hold,Maintain & Monitor,RC05_STABLE_HOLD,5.0
https://flyrank.ai/blog/page-0060,484,35.13589036996772,-0.05012029056431899,1216,0,1522,High-Performing Hold,Maintain & Monitor,RC05_STABLE_HOLD,5.0
https://flyrank.ai/blog/page-0593,194,36.24088713534093,-0.058332709756559825,17668,1,1352,High-Performing Hold,Maintain & Monitor,RC05_STABLE_HOLD,5.0
https://flyrank.ai/blog/page-0595,368,49.820361886780354,0.38061293944482466,1651,1,1168,High-Performing Hold,Maintain & Monitor,RC05_STABLE_HOLD,5.0
https://flyrank.ai/blog/page-0596,677,48.76486494519237,-0.019858653353866426,12725,0,748,High-Performing Hold,Maintain & Monitor,RC05_STABLE_HOLD,5.0
https://flyrank.ai/blog/page-0597,525,32.865958630999906,0.1686872181314856,34497,1,2071,High-Performing Hold,Maintain & Monitor,RC05_STABLE_HOLD,5.0
https://flyrank.ai/blog/page-0599,371,34.33118387913328,0.15833711523264157,1461,1,1115,High-Performing Hold,Maintain & Monitor,RC05_STABLE_HOLD,5.0
https://flyrank.ai/blog/page-0554,98,28.80950156481635,0.04489480490689873,43764,0,1882,High-Performing Hold,Maintain & Monitor,RC05_STABLE_HOLD,5.0
https://flyrank.ai/blog/page-0556,425,40.228748256345064,-0.09614594058770543,16853,1,2624,High-Performing Hold,Maintain & Monitor,RC05_STABLE_HOLD,5.0
https://flyrank.ai/blog/page-0560,594,32.1850822276382,-0.024381972108516045,7774,1,762,High-Performing Hold,Maintain & Monitor,RC05_STABLE_HOLD,5.0
https://flyrank.ai/blog/page-0931,55,41.05503571606839,0.12093914063434497,11805,1,317,High-Performing Hold,Maintain & Monitor,RC05_STABLE_HOLD,5.0
https://flyrank.ai/blog/page-0232,355,33.51988710276976,-0.08306576527605133,44414,0,2188,High-Performing Hold,Maintain & Monitor,RC05_STABLE_HOLD,5.0
https://flyrank.ai/blog/page-0894,349,33.58067449987368,-0.09694571124478364,2990,1,2048,High-Performing Hold,Maintain & Monitor,RC05_STABLE_HOLD,5.0
https://flyrank.ai/blog/page-0895,472,39.97704807869673,0.016867162123039084,27869,1,1319,High-Performing Hold,Maintain & Monitor,RC05_STABLE_HOLD,5.0
https://flyrank.ai/blog/page-0902,611,27.45789938374742,0.1086365460476102,47764,0,2103,High-Performing Hold,Maintain & Monitor,RC05_STABLE_HOLD,5.0
https://flyrank.ai/blog/page-0903,532,42.25963142444464,-0.026244554424400476,48108,0,1402,High-Performing Hold,Maintain & Monitor,RC05_STABLE_HOLD,5.0
https://flyrank.ai/blog/page-0905,545,31.555698712135225,0.35090445503314105,770,1,1391,High-Performing Hold,Maintain & Monitor,RC05_STABLE_HOLD,5.0
https://flyrank.ai/blog/page-0910,693,39.31937629584891,0.2029103952137932,48636,1,736,High-Performing Hold,Maintain & Monitor,RC05_STABLE_HOLD,5.0
https://flyrank.ai/blog/page-0911,166,35.728490189405846,0.22038972361150574,26631,0,1109,High-Performing Hold,Maintain & Monitor,RC05_STABLE_HOLD,5.0
https://flyrank.ai/blog/page-0917,252,46.91093332852208,0.19155310233271525,35722,0,1607,High-Performing Hold,Maintain & Monitor,RC05_STABLE_HOLD,5.0
https://flyrank.ai/blog/page-0871,554,27.460583815621018,-0.0561172648646939,37045,0,1427,High-Performing Hold,Maintain & Monitor,RC05_STABLE_HOLD,5.0
https://flyrank.ai/blog/page-0873,54,32.892991083312516,-0.09732605413899183,6576,1,341,High-Performing Hold,Maintain & Monitor,RC05_STABLE_HOLD,5.0
https://flyrank.ai/blog/page-0874,609,27.11493154101543,0.07277670844133155,24665,0,2635,High-Performing Hold,Maintain & Monitor,RC05_STABLE_HOLD,5.0
https://flyrank.ai/blog/page-0877,262,33.80486080471132,-0.02867532835379054,22563,1,3452,High-Performing Hold,Maintain & Monitor,RC05_STABLE_HOLD,5.0
https://flyrank.ai/blog/page-0878,138,49.71282869983721,0.15216374316029949,45376,0,2747,High-Performing Hold,Maintain & Monitor,RC05_STABLE_HOLD,5.0
https://flyrank.ai/blog/page-0879,175,33.43012030261955,0.08927530046916785,33502,1,2266,High-Performing Hold,Maintain & Monitor,RC05_STABLE_HOLD,5.0
https://flyrank.ai/blog/page-0989,408,49.83814583879586,0.059764754445589346,34098,0,2862,High-Performing Hold,Maintain & Monitor,RC05_STABLE_HOLD,5.0
https://flyrank.ai/blog/page-0990,107,40.88454320579492,0.07262254448461722,43495,0,2916,High-Performing Hold,Maintain & Monitor,RC05_STABLE_HOLD,5.0
https://flyrank.ai/blog/page-0991,439,31.145752473319533,0.23885394879714109,24131,0,2654,High-Performing Hold,Maintain & Monitor,RC05_STABLE_HOLD,5.0
https://flyrank.ai/blog/page-0027,489,28.92459455869451,0.12727314882304197,19090,1,1939,High-Performing Hold,Maintain & Monitor,RC05_STABLE_HOLD,5.0
https://flyrank.ai/blog/page-0029,51,43.96151620132572,0.23321269055813657,14924,0,1641,High-Performing Hold,Maintain & Monitor,RC05_STABLE_HOLD,5.0
https://flyrank.ai/blog/page-0922,33,30.429122334670247,0.2305972629140872,24355,1,448,High-Performing Hold,Maintain & Monitor,RC05_STABLE_HOLD,5.0
https://flyrank.ai/blog/page-0924,147,46.05020668750645,0.05101847542351787,20096,1,787,High-Performing Hold,Maintain & Monitor,RC05_STABLE_HOLD,5.0
https://flyrank.ai/blog/page-0927,603,42.71982292950969,0.10671103430028292,36031,1,973,High-Performing Hold,Maintain & Monitor,RC05_STABLE_HOLD,5.0
https://flyrank.ai/blog/page-0273,702,49.3957323918357,-0.05614275758125184,20566,0,1441,High-Performing Hold,Maintain & Monitor,RC05_STABLE_HOLD,5.0
https://flyrank.ai/blog/page-0277,449,46.33716755336763,0.18776692182049456,26664,1,1661,High-Performing Hold,Maintain & Monitor,RC05_STABLE_HOLD,5.0
https://flyrank.ai/blog/page-0199,654,45.80064152146445,0.47753458712604346,1232,1,3318,High-Performing Hold,Maintain & Monitor,RC05_STABLE_HOLD,5.0
https://flyrank.ai/blog/page-0201,728,29.249307300198424,-0.04605920460596819,14634,1,1151,High-Performing Hold,Maintain & Monitor,RC05_STABLE_HOLD,5.0
https://flyrank.ai/blog/page-0203,31,28.154722123273878,0.13396682308724253,43098,1,1348,High-Performing Hold,Maintain & Monitor,RC05_STABLE_HOLD,5.0
https://flyrank.ai/blog/page-0209,432,45.10091345055715,0.0032167686943987556,43898,0,1628,High-Performing Hold,Maintain & Monitor,RC05_STABLE_HOLD,5.0
https://flyrank.ai/blog/page-0210,667,43.820613800563244,0.12973492752651805,9165,1,1498,High-Performing Hold,Maintain & Monitor,RC05_STABLE_HOLD,5.0
https://flyrank.ai/blog/page-0211,159,30.273242006345107,0.20381355632171264,8375,0,1804,High-Performing Hold,Maintain & Monitor,RC05_STABLE_HOLD,5.0
https://flyrank.ai/blog/page-0255,601,29.921302676585267,-0.005252142405620136,3932,1,1764,High-Performing Hold,Maintain & Monitor,RC05_STABLE_HOLD,5.0
https://flyrank.ai/blog/page-0228,638,36.23324935402803,0.029133377193547527,47076,1,594,High-Performing Hold,Maintain & Monitor,RC05_STABLE_HOLD,5.0
https://flyrank.ai/blog/page-0230,153,28.753827374547964,0.13415790211935247,26066,1,2011,High-Performing Hold,Maintain & Monitor,RC05_STABLE_HOLD,5.0
https://flyrank.ai/blog/page-0950,540,30.706393949797896,0.24500520911321264,33822,0,2209,High-Performing Hold,Maintain & Monitor,RC05_STABLE_HOLD,5.0
https://flyrank.ai/blog/page-0951,288,38.475680244246774,0.18300282307840834,10725,0,1851,High-Performing Hold,Maintain & Monitor,RC05_STABLE_HOLD,5.0
https://flyrank.ai/blog/page-0007,644,45.079154090453855,0.2369409061447265,43469,1,1266,High-Performing Hold,Maintain & Monitor,RC05_STABLE_HOLD,5.0
https://flyrank.ai/blog/page-0965,358,25.80095127917196,-0.08813663457729332,4986,0,1456,High-Performing Hold,Maintain & Monitor,RC05_STABLE_HOLD,5.0
https://flyrank.ai/blog/page-0025,306,37.453368336061175,0.24176879591524472,10015,1,2309,High-Performing Hold,Maintain & Monitor,RC05_STABLE_HOLD,5.0
https://flyrank.ai/blog/page-0009,496,27.63409019458544,0.08186924612152394,32893,1,2312,High-Performing Hold,Maintain & Monitor,RC05_STABLE_HOLD,5.0
https://flyrank.ai/blog/page-0005,101,25.63329911453148,-0.09227811489994696,46269,1,2306,High-Performing Hold,Maintain & Monitor,RC05_STABLE_HOLD,5.0
https://flyrank.ai/blog/page-0591,546,25.41159010620381,-0.06420523299052949,8352,1,675,High-Performing Hold,Maintain & Monitor,RC05_STABLE_HOLD,5.0
https://flyrank.ai/blog/page-0039,716,36.390375851260245,0.20632218683877432,11285,0,1803,High-Performing Hold,Maintain & Monitor,RC05_STABLE_HOLD,5.0
https://flyrank.ai/blog/page-0040,592,36.28179029075764,0.0782694354322358,27145,1,1414,High-Performing Hold,Maintain & Monitor,RC05_STABLE_HOLD,5.0
https://flyrank.ai/blog/page-0042,273,35.0034737788879,-0.0731015557263725,47218,1,2069,High-Performing Hold,Maintain & Monitor,RC05_STABLE_HOLD,5.0
https://flyrank.ai/blog/page-0948,579,46.215102335156324,-0.012942120699642859,38812,0,3221,High-Performing Hold,Maintain & Monitor,RC05_STABLE_HOLD,5.0
https://flyrank.ai/blog/page-0993,161,31.570895978290284,0.23166687987856258,37801,0,2944,High-Performing Hold,Maintain & Monitor,RC05_STABLE_HOLD,5.0
https://flyrank.ai/blog/page-0013,117,47.05177405706028,0.05064131041206624,23952,0,2063,High-Performing Hold,Maintain & Monitor,RC05_STABLE_HOLD,5.0
https://flyrank.ai/blog/page-0977,617,49.74844954131859,0.10986036929566512,22688,1,773,High-Performing Hold,Maintain & Monitor,RC05_STABLE_HOLD,5.0
https://flyrank.ai/blog/page-0566,722,35.7439654530949,0.5522276036029714,3062,1,2356,High-Performing Hold,Maintain & Monitor,RC05_STABLE_HOLD,5.0
https://flyrank.ai/blog/page-0567,71,43.677487063558196,0.17791052886603412,30043,1,1817,High-Performing Hold,Maintain & Monitor,RC05_STABLE_HOLD,5.0
https://flyrank.ai/blog/page-0568,215,35.99025967448896,-0.039035063242959966,959,0,2458,High-Performing Hold,Maintain & Monitor,RC05_STABLE_HOLD,5.0
https://flyrank.ai/blog/page-0571,663,40.9264305735791,0.14165619996118445,35292,1,1378,High-Performing Hold,Maintain & Monitor,RC05_STABLE_HOLD,5.0
https://flyrank.ai/blog/page-0574,244,27.832026431533077,0.24548260623808302,4117,0,1737,High-Performing Hold,Maintain & Monitor,RC05_STABLE_HOLD,5.0
https://flyrank.ai/blog/page-0577,617,32.53530706462972,-0.007957616071412876,10378,1,2155,High-Performing Hold,Maintain & Monitor,RC05_STABLE_HOLD,5.0
https://flyrank.ai/blog/page-0578,38,26.793730385869548,0.09231206786366364,25044,0,3171,High-Performing Hold,Maintain & Monitor,RC05_STABLE_HOLD,5.0
https://flyrank.ai/blog/page-0579,103,36.84788656601126,0.17620325291835245,43864,0,721,High-Performing Hold,Maintain & Monitor,RC05_STABLE_HOLD,5.0
https://flyrank.ai/blog/page-0589,663,39.69522684998148,-0.09890442636596897,47499,0,544,High-Performing Hold,Maintain & Monitor,RC05_STABLE_HOLD,5.0
https://flyrank.ai/blog/page-0031,590,41.24160792892863,0.17613339499902467,11133,0,669,High-Performing Hold,Maintain & Monitor,RC05_STABLE_HOLD,5.0
https://flyrank.ai/blog/page-0968,635,32.400489419820104,-0.01585493961559664,31555,1,3081,High-Performing Hold,Maintain & Monitor,RC05_STABLE_HOLD,5.0
https://flyrank.ai/blog/page-0970,610,31.35980978999365,-0.08771334564335977,16867,1,1782,High-Performing Hold,Maintain & Monitor,RC05_STABLE_HOLD,5.0
https://flyrank.ai/blog/page-0223,309,30.55445336385302,0.18693342278740174,21054,0,402,High-Performing Hold,Maintain & Monitor,RC05_STABLE_HOLD,5.0
https://flyrank.ai/blog/page-0246,502,36.681249053976565,-0.006564019308839361,7515,0,1675,High-Performing Hold,Maintain & Monitor,RC05_STABLE_HOLD,5.0
